"","Time","Region","Value","Var","Units","Source"
"1",1996,"MA",2.4376688,"Permit revenue species diversity","effective Shannon","Min-Yang's proprietary blend of VTR trip data and CFDBS prices, mixed with Vessel characteristics from PERMIT database, major VTR gear by permit, and a dash of love."
"2",1997,"MA",2.4198012,"Permit revenue species diversity","effective Shannon","Min-Yang's proprietary blend of VTR trip data and CFDBS prices, mixed with Vessel characteristics from PERMIT database, major VTR gear by permit, and a dash of love."
"3",1998,"MA",2.3987956,"Permit revenue species diversity","effective Shannon","Min-Yang's proprietary blend of VTR trip data and CFDBS prices, mixed with Vessel characteristics from PERMIT database, major VTR gear by permit, and a dash of love."
"4",1999,"MA",2.3402679,"Permit revenue species diversity","effective Shannon","Min-Yang's proprietary blend of VTR trip data and CFDBS prices, mixed with Vessel characteristics from PERMIT database, major VTR gear by permit, and a dash of love."
"5",2000,"MA",2.1967301,"Permit revenue species diversity","effective Shannon","Min-Yang's proprietary blend of VTR trip data and CFDBS prices, mixed with Vessel characteristics from PERMIT database, major VTR gear by permit, and a dash of love."
"6",2001,"MA",2.1221457,"Permit revenue species diversity","effective Shannon","Min-Yang's proprietary blend of VTR trip data and CFDBS prices, mixed with Vessel characteristics from PERMIT database, major VTR gear by permit, and a dash of love."
"7",2002,"MA",2.0647776,"Permit revenue species diversity","effective Shannon","Min-Yang's proprietary blend of VTR trip data and CFDBS prices, mixed with Vessel characteristics from PERMIT database, major VTR gear by permit, and a dash of love."
"8",2003,"MA",2.0006442,"Permit revenue species diversity","effective Shannon","Min-Yang's proprietary blend of VTR trip data and CFDBS prices, mixed with Vessel characteristics from PERMIT database, major VTR gear by permit, and a dash of love."
"9",2004,"MA",1.9996694,"Permit revenue species diversity","effective Shannon","Min-Yang's proprietary blend of VTR trip data and CFDBS prices, mixed with Vessel characteristics from PERMIT database, major VTR gear by permit, and a dash of love."
"10",2005,"MA",1.9035742,"Permit revenue species diversity","effective Shannon","Min-Yang's proprietary blend of VTR trip data and CFDBS prices, mixed with Vessel characteristics from PERMIT database, major VTR gear by permit, and a dash of love."
"11",2006,"MA",1.9940751,"Permit revenue species diversity","effective Shannon","Min-Yang's proprietary blend of VTR trip data and CFDBS prices, mixed with Vessel characteristics from PERMIT database, major VTR gear by permit, and a dash of love."
"12",2007,"MA",2.0241811,"Permit revenue species diversity","effective Shannon","Min-Yang's proprietary blend of VTR trip data and CFDBS prices, mixed with Vessel characteristics from PERMIT database, major VTR gear by permit, and a dash of love."
"13",2008,"MA",1.9623826,"Permit revenue species diversity","effective Shannon","Min-Yang's proprietary blend of VTR trip data and CFDBS prices, mixed with Vessel characteristics from PERMIT database, major VTR gear by permit, and a dash of love."
"14",2009,"MA",2.0297868,"Permit revenue species diversity","effective Shannon","Min-Yang's proprietary blend of VTR trip data and CFDBS prices, mixed with Vessel characteristics from PERMIT database, major VTR gear by permit, and a dash of love."
"15",2010,"MA",2.0239432,"Permit revenue species diversity","effective Shannon","Min-Yang's proprietary blend of VTR trip data and CFDBS prices, mixed with Vessel characteristics from PERMIT database, major VTR gear by permit, and a dash of love."
"16",2011,"MA",1.9864877,"Permit revenue species diversity","effective Shannon","Min-Yang's proprietary blend of VTR trip data and CFDBS prices, mixed with Vessel characteristics from PERMIT database, major VTR gear by permit, and a dash of love."
"17",2012,"MA",2.0075657,"Permit revenue species diversity","effective Shannon","Min-Yang's proprietary blend of VTR trip data and CFDBS prices, mixed with Vessel characteristics from PERMIT database, major VTR gear by permit, and a dash of love."
"18",2013,"MA",2.0557737,"Permit revenue species diversity","effective Shannon","Min-Yang's proprietary blend of VTR trip data and CFDBS prices, mixed with Vessel characteristics from PERMIT database, major VTR gear by permit, and a dash of love."
"19",2014,"MA",2.0401521,"Permit revenue species diversity","effective Shannon","Min-Yang's proprietary blend of VTR trip data and CFDBS prices, mixed with Vessel characteristics from PERMIT database, major VTR gear by permit, and a dash of love."
"20",2015,"MA",2.080348,"Permit revenue species diversity","effective Shannon","Min-Yang's proprietary blend of VTR trip data and CFDBS prices, mixed with Vessel characteristics from PERMIT database, major VTR gear by permit, and a dash of love."
"21",2016,"MA",1.9903233,"Permit revenue species diversity","effective Shannon","Min-Yang's proprietary blend of VTR trip data and CFDBS prices, mixed with Vessel characteristics from PERMIT database, major VTR gear by permit, and a dash of love."
"22",2017,"MA",2.0536771,"Permit revenue species diversity","effective Shannon","Min-Yang's proprietary blend of VTR trip data and CFDBS prices, mixed with Vessel characteristics from PERMIT database, major VTR gear by permit, and a dash of love."
"23",2018,"MA",2.0320818,"Permit revenue species diversity","effective Shannon","Min-Yang's proprietary blend of VTR trip data and CFDBS prices, mixed with Vessel characteristics from PERMIT database, major VTR gear by permit, and a dash of love."
"24",2019,"MA",2.0363564,"Permit revenue species diversity","effective Shannon","Min-Yang's proprietary blend of VTR trip data and CFDBS prices, mixed with Vessel characteristics from PERMIT database, major VTR gear by permit, and a dash of love."
"25",2020,"MA",2.0094934,"Permit revenue species diversity","effective Shannon","Min-Yang's proprietary blend of VTR trip data and CFDBS prices, mixed with Vessel characteristics from PERMIT database, major VTR gear by permit, and a dash of love."
"26",2021,"MA",1.9705758,"Permit revenue species diversity","effective Shannon","Min-Yang's proprietary blend of VTR trip data and CFDBS prices, mixed with Vessel characteristics from PERMIT database, major VTR gear by permit, and a dash of love."
"27",2022,"MA",1.9844779,"Permit revenue species diversity","effective Shannon","Min-Yang's proprietary blend of VTR trip data and CFDBS prices, mixed with Vessel characteristics from PERMIT database, major VTR gear by permit, and a dash of love."
"28",2023,"MA",2.0677834,"Permit revenue species diversity","effective Shannon","Min-Yang's proprietary blend of VTR trip data and CFDBS prices, mixed with Vessel characteristics from PERMIT database, major VTR gear by permit, and a dash of love."
"29",1996,"NE",2.2175756,"Permit revenue species diversity","effective Shannon","Min-Yang's proprietary blend of VTR trip data and CFDBS prices, mixed with Vessel characteristics from PERMIT database, major VTR gear by permit, and a dash of love."
"30",1997,"NE",2.2287614,"Permit revenue species diversity","effective Shannon","Min-Yang's proprietary blend of VTR trip data and CFDBS prices, mixed with Vessel characteristics from PERMIT database, major VTR gear by permit, and a dash of love."
"31",1998,"NE",2.2215526,"Permit revenue species diversity","effective Shannon","Min-Yang's proprietary blend of VTR trip data and CFDBS prices, mixed with Vessel characteristics from PERMIT database, major VTR gear by permit, and a dash of love."
"32",1999,"NE",2.2062647,"Permit revenue species diversity","effective Shannon","Min-Yang's proprietary blend of VTR trip data and CFDBS prices, mixed with Vessel characteristics from PERMIT database, major VTR gear by permit, and a dash of love."
"33",2000,"NE",2.0555232,"Permit revenue species diversity","effective Shannon","Min-Yang's proprietary blend of VTR trip data and CFDBS prices, mixed with Vessel characteristics from PERMIT database, major VTR gear by permit, and a dash of love."
"34",2001,"NE",1.9432514,"Permit revenue species diversity","effective Shannon","Min-Yang's proprietary blend of VTR trip data and CFDBS prices, mixed with Vessel characteristics from PERMIT database, major VTR gear by permit, and a dash of love."
"35",2002,"NE",1.8839775,"Permit revenue species diversity","effective Shannon","Min-Yang's proprietary blend of VTR trip data and CFDBS prices, mixed with Vessel characteristics from PERMIT database, major VTR gear by permit, and a dash of love."
"36",2003,"NE",1.8711994,"Permit revenue species diversity","effective Shannon","Min-Yang's proprietary blend of VTR trip data and CFDBS prices, mixed with Vessel characteristics from PERMIT database, major VTR gear by permit, and a dash of love."
"37",2004,"NE",1.900383,"Permit revenue species diversity","effective Shannon","Min-Yang's proprietary blend of VTR trip data and CFDBS prices, mixed with Vessel characteristics from PERMIT database, major VTR gear by permit, and a dash of love."
"38",2005,"NE",1.8043107,"Permit revenue species diversity","effective Shannon","Min-Yang's proprietary blend of VTR trip data and CFDBS prices, mixed with Vessel characteristics from PERMIT database, major VTR gear by permit, and a dash of love."
"39",2006,"NE",1.8800555,"Permit revenue species diversity","effective Shannon","Min-Yang's proprietary blend of VTR trip data and CFDBS prices, mixed with Vessel characteristics from PERMIT database, major VTR gear by permit, and a dash of love."
"40",2007,"NE",1.9547284,"Permit revenue species diversity","effective Shannon","Min-Yang's proprietary blend of VTR trip data and CFDBS prices, mixed with Vessel characteristics from PERMIT database, major VTR gear by permit, and a dash of love."
"41",2008,"NE",1.8951821,"Permit revenue species diversity","effective Shannon","Min-Yang's proprietary blend of VTR trip data and CFDBS prices, mixed with Vessel characteristics from PERMIT database, major VTR gear by permit, and a dash of love."
"42",2009,"NE",1.9454165,"Permit revenue species diversity","effective Shannon","Min-Yang's proprietary blend of VTR trip data and CFDBS prices, mixed with Vessel characteristics from PERMIT database, major VTR gear by permit, and a dash of love."
"43",2010,"NE",1.9694955,"Permit revenue species diversity","effective Shannon","Min-Yang's proprietary blend of VTR trip data and CFDBS prices, mixed with Vessel characteristics from PERMIT database, major VTR gear by permit, and a dash of love."
"44",2011,"NE",1.9317105,"Permit revenue species diversity","effective Shannon","Min-Yang's proprietary blend of VTR trip data and CFDBS prices, mixed with Vessel characteristics from PERMIT database, major VTR gear by permit, and a dash of love."
"45",2012,"NE",1.9495745,"Permit revenue species diversity","effective Shannon","Min-Yang's proprietary blend of VTR trip data and CFDBS prices, mixed with Vessel characteristics from PERMIT database, major VTR gear by permit, and a dash of love."
"46",2013,"NE",1.9419872,"Permit revenue species diversity","effective Shannon","Min-Yang's proprietary blend of VTR trip data and CFDBS prices, mixed with Vessel characteristics from PERMIT database, major VTR gear by permit, and a dash of love."
"47",2014,"NE",1.9777232,"Permit revenue species diversity","effective Shannon","Min-Yang's proprietary blend of VTR trip data and CFDBS prices, mixed with Vessel characteristics from PERMIT database, major VTR gear by permit, and a dash of love."
"48",2015,"NE",1.9529346,"Permit revenue species diversity","effective Shannon","Min-Yang's proprietary blend of VTR trip data and CFDBS prices, mixed with Vessel characteristics from PERMIT database, major VTR gear by permit, and a dash of love."
"49",2016,"NE",1.8657919,"Permit revenue species diversity","effective Shannon","Min-Yang's proprietary blend of VTR trip data and CFDBS prices, mixed with Vessel characteristics from PERMIT database, major VTR gear by permit, and a dash of love."
"50",2017,"NE",1.890451,"Permit revenue species diversity","effective Shannon","Min-Yang's proprietary blend of VTR trip data and CFDBS prices, mixed with Vessel characteristics from PERMIT database, major VTR gear by permit, and a dash of love."
"51",2018,"NE",1.8454958,"Permit revenue species diversity","effective Shannon","Min-Yang's proprietary blend of VTR trip data and CFDBS prices, mixed with Vessel characteristics from PERMIT database, major VTR gear by permit, and a dash of love."
"52",2019,"NE",1.8403351,"Permit revenue species diversity","effective Shannon","Min-Yang's proprietary blend of VTR trip data and CFDBS prices, mixed with Vessel characteristics from PERMIT database, major VTR gear by permit, and a dash of love."
"53",2020,"NE",1.7538692,"Permit revenue species diversity","effective Shannon","Min-Yang's proprietary blend of VTR trip data and CFDBS prices, mixed with Vessel characteristics from PERMIT database, major VTR gear by permit, and a dash of love."
"54",2021,"NE",1.7106107,"Permit revenue species diversity","effective Shannon","Min-Yang's proprietary blend of VTR trip data and CFDBS prices, mixed with Vessel characteristics from PERMIT database, major VTR gear by permit, and a dash of love."
"55",2022,"NE",1.716115,"Permit revenue species diversity","effective Shannon","Min-Yang's proprietary blend of VTR trip data and CFDBS prices, mixed with Vessel characteristics from PERMIT database, major VTR gear by permit, and a dash of love."
"56",2023,"NE",1.7604657,"Permit revenue species diversity","effective Shannon","Min-Yang's proprietary blend of VTR trip data and CFDBS prices, mixed with Vessel characteristics from PERMIT database, major VTR gear by permit, and a dash of love."
"57",1996,"MA",8.35777,"Fleet diversity in revenue","effective Shannon","Min-Yang's proprietary blend of VTR trip data and CFDBS prices, mixed with Vessel characteristics from PERMIT database, major VTR gear by permit, and a dash of love."
"58",1997,"MA",8.8422775,"Fleet diversity in revenue","effective Shannon","Min-Yang's proprietary blend of VTR trip data and CFDBS prices, mixed with Vessel characteristics from PERMIT database, major VTR gear by permit, and a dash of love."
"59",1998,"MA",9.0043097,"Fleet diversity in revenue","effective Shannon","Min-Yang's proprietary blend of VTR trip data and CFDBS prices, mixed with Vessel characteristics from PERMIT database, major VTR gear by permit, and a dash of love."
"60",1999,"MA",8.6536226,"Fleet diversity in revenue","effective Shannon","Min-Yang's proprietary blend of VTR trip data and CFDBS prices, mixed with Vessel characteristics from PERMIT database, major VTR gear by permit, and a dash of love."
"61",2000,"MA",7.9954295,"Fleet diversity in revenue","effective Shannon","Min-Yang's proprietary blend of VTR trip data and CFDBS prices, mixed with Vessel characteristics from PERMIT database, major VTR gear by permit, and a dash of love."
"62",2001,"MA",7.4689245,"Fleet diversity in revenue","effective Shannon","Min-Yang's proprietary blend of VTR trip data and CFDBS prices, mixed with Vessel characteristics from PERMIT database, major VTR gear by permit, and a dash of love."
"63",2002,"MA",7.6386309,"Fleet diversity in revenue","effective Shannon","Min-Yang's proprietary blend of VTR trip data and CFDBS prices, mixed with Vessel characteristics from PERMIT database, major VTR gear by permit, and a dash of love."
"64",2003,"MA",8.7335443,"Fleet diversity in revenue","effective Shannon","Min-Yang's proprietary blend of VTR trip data and CFDBS prices, mixed with Vessel characteristics from PERMIT database, major VTR gear by permit, and a dash of love."
"65",2004,"MA",7.7484994,"Fleet diversity in revenue","effective Shannon","Min-Yang's proprietary blend of VTR trip data and CFDBS prices, mixed with Vessel characteristics from PERMIT database, major VTR gear by permit, and a dash of love."
"66",2005,"MA",7.8044915,"Fleet diversity in revenue","effective Shannon","Min-Yang's proprietary blend of VTR trip data and CFDBS prices, mixed with Vessel characteristics from PERMIT database, major VTR gear by permit, and a dash of love."
"67",2006,"MA",9.5774879,"Fleet diversity in revenue","effective Shannon","Min-Yang's proprietary blend of VTR trip data and CFDBS prices, mixed with Vessel characteristics from PERMIT database, major VTR gear by permit, and a dash of love."
"68",2007,"MA",8.013649,"Fleet diversity in revenue","effective Shannon","Min-Yang's proprietary blend of VTR trip data and CFDBS prices, mixed with Vessel characteristics from PERMIT database, major VTR gear by permit, and a dash of love."
"69",2008,"MA",8.4942427,"Fleet diversity in revenue","effective Shannon","Min-Yang's proprietary blend of VTR trip data and CFDBS prices, mixed with Vessel characteristics from PERMIT database, major VTR gear by permit, and a dash of love."
"70",2009,"MA",8.0327435,"Fleet diversity in revenue","effective Shannon","Min-Yang's proprietary blend of VTR trip data and CFDBS prices, mixed with Vessel characteristics from PERMIT database, major VTR gear by permit, and a dash of love."
"71",2010,"MA",7.2381239,"Fleet diversity in revenue","effective Shannon","Min-Yang's proprietary blend of VTR trip data and CFDBS prices, mixed with Vessel characteristics from PERMIT database, major VTR gear by permit, and a dash of love."
"72",2011,"MA",6.9532385,"Fleet diversity in revenue","effective Shannon","Min-Yang's proprietary blend of VTR trip data and CFDBS prices, mixed with Vessel characteristics from PERMIT database, major VTR gear by permit, and a dash of love."
"73",2012,"MA",7.7668285,"Fleet diversity in revenue","effective Shannon","Min-Yang's proprietary blend of VTR trip data and CFDBS prices, mixed with Vessel characteristics from PERMIT database, major VTR gear by permit, and a dash of love."
"74",2013,"MA",8.7778406,"Fleet diversity in revenue","effective Shannon","Min-Yang's proprietary blend of VTR trip data and CFDBS prices, mixed with Vessel characteristics from PERMIT database, major VTR gear by permit, and a dash of love."
"75",2014,"MA",8.4962864,"Fleet diversity in revenue","effective Shannon","Min-Yang's proprietary blend of VTR trip data and CFDBS prices, mixed with Vessel characteristics from PERMIT database, major VTR gear by permit, and a dash of love."
"76",2015,"MA",9.274456,"Fleet diversity in revenue","effective Shannon","Min-Yang's proprietary blend of VTR trip data and CFDBS prices, mixed with Vessel characteristics from PERMIT database, major VTR gear by permit, and a dash of love."
"77",2016,"MA",9.1425123,"Fleet diversity in revenue","effective Shannon","Min-Yang's proprietary blend of VTR trip data and CFDBS prices, mixed with Vessel characteristics from PERMIT database, major VTR gear by permit, and a dash of love."
"78",2017,"MA",9.212019,"Fleet diversity in revenue","effective Shannon","Min-Yang's proprietary blend of VTR trip data and CFDBS prices, mixed with Vessel characteristics from PERMIT database, major VTR gear by permit, and a dash of love."
"79",2018,"MA",8.7729139,"Fleet diversity in revenue","effective Shannon","Min-Yang's proprietary blend of VTR trip data and CFDBS prices, mixed with Vessel characteristics from PERMIT database, major VTR gear by permit, and a dash of love."
"80",2019,"MA",8.7243166,"Fleet diversity in revenue","effective Shannon","Min-Yang's proprietary blend of VTR trip data and CFDBS prices, mixed with Vessel characteristics from PERMIT database, major VTR gear by permit, and a dash of love."
"81",2020,"MA",9.6071892,"Fleet diversity in revenue","effective Shannon","Min-Yang's proprietary blend of VTR trip data and CFDBS prices, mixed with Vessel characteristics from PERMIT database, major VTR gear by permit, and a dash of love."
"82",2021,"MA",9.2106314,"Fleet diversity in revenue","effective Shannon","Min-Yang's proprietary blend of VTR trip data and CFDBS prices, mixed with Vessel characteristics from PERMIT database, major VTR gear by permit, and a dash of love."
"83",2022,"MA",9.5023623,"Fleet diversity in revenue","effective Shannon","Min-Yang's proprietary blend of VTR trip data and CFDBS prices, mixed with Vessel characteristics from PERMIT database, major VTR gear by permit, and a dash of love."
"84",2023,"MA",9.6555014,"Fleet diversity in revenue","effective Shannon","Min-Yang's proprietary blend of VTR trip data and CFDBS prices, mixed with Vessel characteristics from PERMIT database, major VTR gear by permit, and a dash of love."
"85",1996,"MA",36,"Fleet count","number of fleets","Min-Yang's proprietary blend of VTR trip data and CFDBS prices, mixed with Vessel characteristics from PERMIT database, major VTR gear by permit, and a dash of love."
"86",1997,"MA",34,"Fleet count","number of fleets","Min-Yang's proprietary blend of VTR trip data and CFDBS prices, mixed with Vessel characteristics from PERMIT database, major VTR gear by permit, and a dash of love."
"87",1998,"MA",35,"Fleet count","number of fleets","Min-Yang's proprietary blend of VTR trip data and CFDBS prices, mixed with Vessel characteristics from PERMIT database, major VTR gear by permit, and a dash of love."
"88",1999,"MA",35,"Fleet count","number of fleets","Min-Yang's proprietary blend of VTR trip data and CFDBS prices, mixed with Vessel characteristics from PERMIT database, major VTR gear by permit, and a dash of love."
"89",2000,"MA",32,"Fleet count","number of fleets","Min-Yang's proprietary blend of VTR trip data and CFDBS prices, mixed with Vessel characteristics from PERMIT database, major VTR gear by permit, and a dash of love."
"90",2001,"MA",33,"Fleet count","number of fleets","Min-Yang's proprietary blend of VTR trip data and CFDBS prices, mixed with Vessel characteristics from PERMIT database, major VTR gear by permit, and a dash of love."
"91",2002,"MA",33,"Fleet count","number of fleets","Min-Yang's proprietary blend of VTR trip data and CFDBS prices, mixed with Vessel characteristics from PERMIT database, major VTR gear by permit, and a dash of love."
"92",2003,"MA",36,"Fleet count","number of fleets","Min-Yang's proprietary blend of VTR trip data and CFDBS prices, mixed with Vessel characteristics from PERMIT database, major VTR gear by permit, and a dash of love."
"93",2004,"MA",35,"Fleet count","number of fleets","Min-Yang's proprietary blend of VTR trip data and CFDBS prices, mixed with Vessel characteristics from PERMIT database, major VTR gear by permit, and a dash of love."
"94",2005,"MA",32,"Fleet count","number of fleets","Min-Yang's proprietary blend of VTR trip data and CFDBS prices, mixed with Vessel characteristics from PERMIT database, major VTR gear by permit, and a dash of love."
"95",2006,"MA",33,"Fleet count","number of fleets","Min-Yang's proprietary blend of VTR trip data and CFDBS prices, mixed with Vessel characteristics from PERMIT database, major VTR gear by permit, and a dash of love."
"96",2007,"MA",32,"Fleet count","number of fleets","Min-Yang's proprietary blend of VTR trip data and CFDBS prices, mixed with Vessel characteristics from PERMIT database, major VTR gear by permit, and a dash of love."
"97",2008,"MA",31,"Fleet count","number of fleets","Min-Yang's proprietary blend of VTR trip data and CFDBS prices, mixed with Vessel characteristics from PERMIT database, major VTR gear by permit, and a dash of love."
"98",2009,"MA",32,"Fleet count","number of fleets","Min-Yang's proprietary blend of VTR trip data and CFDBS prices, mixed with Vessel characteristics from PERMIT database, major VTR gear by permit, and a dash of love."
"99",2010,"MA",34,"Fleet count","number of fleets","Min-Yang's proprietary blend of VTR trip data and CFDBS prices, mixed with Vessel characteristics from PERMIT database, major VTR gear by permit, and a dash of love."
"100",2011,"MA",34,"Fleet count","number of fleets","Min-Yang's proprietary blend of VTR trip data and CFDBS prices, mixed with Vessel characteristics from PERMIT database, major VTR gear by permit, and a dash of love."
"101",2012,"MA",34,"Fleet count","number of fleets","Min-Yang's proprietary blend of VTR trip data and CFDBS prices, mixed with Vessel characteristics from PERMIT database, major VTR gear by permit, and a dash of love."
"102",2013,"MA",31,"Fleet count","number of fleets","Min-Yang's proprietary blend of VTR trip data and CFDBS prices, mixed with Vessel characteristics from PERMIT database, major VTR gear by permit, and a dash of love."
"103",2014,"MA",33,"Fleet count","number of fleets","Min-Yang's proprietary blend of VTR trip data and CFDBS prices, mixed with Vessel characteristics from PERMIT database, major VTR gear by permit, and a dash of love."
"104",2015,"MA",30,"Fleet count","number of fleets","Min-Yang's proprietary blend of VTR trip data and CFDBS prices, mixed with Vessel characteristics from PERMIT database, major VTR gear by permit, and a dash of love."
"105",2016,"MA",31,"Fleet count","number of fleets","Min-Yang's proprietary blend of VTR trip data and CFDBS prices, mixed with Vessel characteristics from PERMIT database, major VTR gear by permit, and a dash of love."
"106",2017,"MA",31,"Fleet count","number of fleets","Min-Yang's proprietary blend of VTR trip data and CFDBS prices, mixed with Vessel characteristics from PERMIT database, major VTR gear by permit, and a dash of love."
"107",2018,"MA",31,"Fleet count","number of fleets","Min-Yang's proprietary blend of VTR trip data and CFDBS prices, mixed with Vessel characteristics from PERMIT database, major VTR gear by permit, and a dash of love."
"108",2019,"MA",29,"Fleet count","number of fleets","Min-Yang's proprietary blend of VTR trip data and CFDBS prices, mixed with Vessel characteristics from PERMIT database, major VTR gear by permit, and a dash of love."
"109",2020,"MA",29,"Fleet count","number of fleets","Min-Yang's proprietary blend of VTR trip data and CFDBS prices, mixed with Vessel characteristics from PERMIT database, major VTR gear by permit, and a dash of love."
"110",2021,"MA",30,"Fleet count","number of fleets","Min-Yang's proprietary blend of VTR trip data and CFDBS prices, mixed with Vessel characteristics from PERMIT database, major VTR gear by permit, and a dash of love."
"111",2022,"MA",30,"Fleet count","number of fleets","Min-Yang's proprietary blend of VTR trip data and CFDBS prices, mixed with Vessel characteristics from PERMIT database, major VTR gear by permit, and a dash of love."
"112",2023,"MA",30,"Fleet count","number of fleets","Min-Yang's proprietary blend of VTR trip data and CFDBS prices, mixed with Vessel characteristics from PERMIT database, major VTR gear by permit, and a dash of love."
"113",1996,"NE",36,"Fleet count","number of fleets","Min-Yang's proprietary blend of VTR trip data and CFDBS prices, mixed with Vessel characteristics from PERMIT database, major VTR gear by permit, and a dash of love."
"114",1997,"NE",34,"Fleet count","number of fleets","Min-Yang's proprietary blend of VTR trip data and CFDBS prices, mixed with Vessel characteristics from PERMIT database, major VTR gear by permit, and a dash of love."
"115",1998,"NE",37,"Fleet count","number of fleets","Min-Yang's proprietary blend of VTR trip data and CFDBS prices, mixed with Vessel characteristics from PERMIT database, major VTR gear by permit, and a dash of love."
"116",1999,"NE",35,"Fleet count","number of fleets","Min-Yang's proprietary blend of VTR trip data and CFDBS prices, mixed with Vessel characteristics from PERMIT database, major VTR gear by permit, and a dash of love."
"117",2000,"NE",34,"Fleet count","number of fleets","Min-Yang's proprietary blend of VTR trip data and CFDBS prices, mixed with Vessel characteristics from PERMIT database, major VTR gear by permit, and a dash of love."
"118",2001,"NE",32,"Fleet count","number of fleets","Min-Yang's proprietary blend of VTR trip data and CFDBS prices, mixed with Vessel characteristics from PERMIT database, major VTR gear by permit, and a dash of love."
"119",2002,"NE",33,"Fleet count","number of fleets","Min-Yang's proprietary blend of VTR trip data and CFDBS prices, mixed with Vessel characteristics from PERMIT database, major VTR gear by permit, and a dash of love."
"120",2003,"NE",35,"Fleet count","number of fleets","Min-Yang's proprietary blend of VTR trip data and CFDBS prices, mixed with Vessel characteristics from PERMIT database, major VTR gear by permit, and a dash of love."
"121",2004,"NE",32,"Fleet count","number of fleets","Min-Yang's proprietary blend of VTR trip data and CFDBS prices, mixed with Vessel characteristics from PERMIT database, major VTR gear by permit, and a dash of love."
"122",2005,"NE",31,"Fleet count","number of fleets","Min-Yang's proprietary blend of VTR trip data and CFDBS prices, mixed with Vessel characteristics from PERMIT database, major VTR gear by permit, and a dash of love."
"123",2006,"NE",32,"Fleet count","number of fleets","Min-Yang's proprietary blend of VTR trip data and CFDBS prices, mixed with Vessel characteristics from PERMIT database, major VTR gear by permit, and a dash of love."
"124",2007,"NE",30,"Fleet count","number of fleets","Min-Yang's proprietary blend of VTR trip data and CFDBS prices, mixed with Vessel characteristics from PERMIT database, major VTR gear by permit, and a dash of love."
"125",2008,"NE",31,"Fleet count","number of fleets","Min-Yang's proprietary blend of VTR trip data and CFDBS prices, mixed with Vessel characteristics from PERMIT database, major VTR gear by permit, and a dash of love."
"126",2009,"NE",30,"Fleet count","number of fleets","Min-Yang's proprietary blend of VTR trip data and CFDBS prices, mixed with Vessel characteristics from PERMIT database, major VTR gear by permit, and a dash of love."
"127",2010,"NE",29,"Fleet count","number of fleets","Min-Yang's proprietary blend of VTR trip data and CFDBS prices, mixed with Vessel characteristics from PERMIT database, major VTR gear by permit, and a dash of love."
"128",2011,"NE",31,"Fleet count","number of fleets","Min-Yang's proprietary blend of VTR trip data and CFDBS prices, mixed with Vessel characteristics from PERMIT database, major VTR gear by permit, and a dash of love."
"129",2012,"NE",32,"Fleet count","number of fleets","Min-Yang's proprietary blend of VTR trip data and CFDBS prices, mixed with Vessel characteristics from PERMIT database, major VTR gear by permit, and a dash of love."
"130",2013,"NE",27,"Fleet count","number of fleets","Min-Yang's proprietary blend of VTR trip data and CFDBS prices, mixed with Vessel characteristics from PERMIT database, major VTR gear by permit, and a dash of love."
"131",2014,"NE",29,"Fleet count","number of fleets","Min-Yang's proprietary blend of VTR trip data and CFDBS prices, mixed with Vessel characteristics from PERMIT database, major VTR gear by permit, and a dash of love."
"132",2015,"NE",29,"Fleet count","number of fleets","Min-Yang's proprietary blend of VTR trip data and CFDBS prices, mixed with Vessel characteristics from PERMIT database, major VTR gear by permit, and a dash of love."
"133",2016,"NE",30,"Fleet count","number of fleets","Min-Yang's proprietary blend of VTR trip data and CFDBS prices, mixed with Vessel characteristics from PERMIT database, major VTR gear by permit, and a dash of love."
"134",2017,"NE",30,"Fleet count","number of fleets","Min-Yang's proprietary blend of VTR trip data and CFDBS prices, mixed with Vessel characteristics from PERMIT database, major VTR gear by permit, and a dash of love."
"135",2018,"NE",29,"Fleet count","number of fleets","Min-Yang's proprietary blend of VTR trip data and CFDBS prices, mixed with Vessel characteristics from PERMIT database, major VTR gear by permit, and a dash of love."
"136",2019,"NE",24,"Fleet count","number of fleets","Min-Yang's proprietary blend of VTR trip data and CFDBS prices, mixed with Vessel characteristics from PERMIT database, major VTR gear by permit, and a dash of love."
"137",2020,"NE",26,"Fleet count","number of fleets","Min-Yang's proprietary blend of VTR trip data and CFDBS prices, mixed with Vessel characteristics from PERMIT database, major VTR gear by permit, and a dash of love."
"138",2021,"NE",27,"Fleet count","number of fleets","Min-Yang's proprietary blend of VTR trip data and CFDBS prices, mixed with Vessel characteristics from PERMIT database, major VTR gear by permit, and a dash of love."
"139",2022,"NE",26,"Fleet count","number of fleets","Min-Yang's proprietary blend of VTR trip data and CFDBS prices, mixed with Vessel characteristics from PERMIT database, major VTR gear by permit, and a dash of love."
"140",2023,"NE",26,"Fleet count","number of fleets","Min-Yang's proprietary blend of VTR trip data and CFDBS prices, mixed with Vessel characteristics from PERMIT database, major VTR gear by permit, and a dash of love."
"141",1996,"NE",9.0162067,"Fleet diversity in revenue","effective Shannon","Min-Yang's proprietary blend of VTR trip data and CFDBS prices, mixed with Vessel characteristics from PERMIT database, major VTR gear by permit, and a dash of love."
"142",1997,"NE",8.6967125,"Fleet diversity in revenue","effective Shannon","Min-Yang's proprietary blend of VTR trip data and CFDBS prices, mixed with Vessel characteristics from PERMIT database, major VTR gear by permit, and a dash of love."
"143",1998,"NE",8.9636641,"Fleet diversity in revenue","effective Shannon","Min-Yang's proprietary blend of VTR trip data and CFDBS prices, mixed with Vessel characteristics from PERMIT database, major VTR gear by permit, and a dash of love."
"144",1999,"NE",7.9721823,"Fleet diversity in revenue","effective Shannon","Min-Yang's proprietary blend of VTR trip data and CFDBS prices, mixed with Vessel characteristics from PERMIT database, major VTR gear by permit, and a dash of love."
"145",2000,"NE",7.6445832,"Fleet diversity in revenue","effective Shannon","Min-Yang's proprietary blend of VTR trip data and CFDBS prices, mixed with Vessel characteristics from PERMIT database, major VTR gear by permit, and a dash of love."
"146",2001,"NE",7.6225996,"Fleet diversity in revenue","effective Shannon","Min-Yang's proprietary blend of VTR trip data and CFDBS prices, mixed with Vessel characteristics from PERMIT database, major VTR gear by permit, and a dash of love."
"147",2002,"NE",7.3421178,"Fleet diversity in revenue","effective Shannon","Min-Yang's proprietary blend of VTR trip data and CFDBS prices, mixed with Vessel characteristics from PERMIT database, major VTR gear by permit, and a dash of love."
"148",2003,"NE",7.0057716,"Fleet diversity in revenue","effective Shannon","Min-Yang's proprietary blend of VTR trip data and CFDBS prices, mixed with Vessel characteristics from PERMIT database, major VTR gear by permit, and a dash of love."
"149",2004,"NE",6.4175549,"Fleet diversity in revenue","effective Shannon","Min-Yang's proprietary blend of VTR trip data and CFDBS prices, mixed with Vessel characteristics from PERMIT database, major VTR gear by permit, and a dash of love."
"150",2005,"NE",6.7831669,"Fleet diversity in revenue","effective Shannon","Min-Yang's proprietary blend of VTR trip data and CFDBS prices, mixed with Vessel characteristics from PERMIT database, major VTR gear by permit, and a dash of love."
"151",2006,"NE",7.2101669,"Fleet diversity in revenue","effective Shannon","Min-Yang's proprietary blend of VTR trip data and CFDBS prices, mixed with Vessel characteristics from PERMIT database, major VTR gear by permit, and a dash of love."
"152",2007,"NE",6.634069,"Fleet diversity in revenue","effective Shannon","Min-Yang's proprietary blend of VTR trip data and CFDBS prices, mixed with Vessel characteristics from PERMIT database, major VTR gear by permit, and a dash of love."
"153",2008,"NE",6.8253751,"Fleet diversity in revenue","effective Shannon","Min-Yang's proprietary blend of VTR trip data and CFDBS prices, mixed with Vessel characteristics from PERMIT database, major VTR gear by permit, and a dash of love."
"154",2009,"NE",6.4959536,"Fleet diversity in revenue","effective Shannon","Min-Yang's proprietary blend of VTR trip data and CFDBS prices, mixed with Vessel characteristics from PERMIT database, major VTR gear by permit, and a dash of love."
"155",2010,"NE",5.7801023,"Fleet diversity in revenue","effective Shannon","Min-Yang's proprietary blend of VTR trip data and CFDBS prices, mixed with Vessel characteristics from PERMIT database, major VTR gear by permit, and a dash of love."
"156",2011,"NE",5.5743589,"Fleet diversity in revenue","effective Shannon","Min-Yang's proprietary blend of VTR trip data and CFDBS prices, mixed with Vessel characteristics from PERMIT database, major VTR gear by permit, and a dash of love."
"157",2012,"NE",5.6740446,"Fleet diversity in revenue","effective Shannon","Min-Yang's proprietary blend of VTR trip data and CFDBS prices, mixed with Vessel characteristics from PERMIT database, major VTR gear by permit, and a dash of love."
"158",2013,"NE",6.0149045,"Fleet diversity in revenue","effective Shannon","Min-Yang's proprietary blend of VTR trip data and CFDBS prices, mixed with Vessel characteristics from PERMIT database, major VTR gear by permit, and a dash of love."
"159",2014,"NE",6.2686424,"Fleet diversity in revenue","effective Shannon","Min-Yang's proprietary blend of VTR trip data and CFDBS prices, mixed with Vessel characteristics from PERMIT database, major VTR gear by permit, and a dash of love."
"160",2015,"NE",5.7855363,"Fleet diversity in revenue","effective Shannon","Min-Yang's proprietary blend of VTR trip data and CFDBS prices, mixed with Vessel characteristics from PERMIT database, major VTR gear by permit, and a dash of love."
"161",2016,"NE",6.0425797,"Fleet diversity in revenue","effective Shannon","Min-Yang's proprietary blend of VTR trip data and CFDBS prices, mixed with Vessel characteristics from PERMIT database, major VTR gear by permit, and a dash of love."
"162",2017,"NE",5.842555,"Fleet diversity in revenue","effective Shannon","Min-Yang's proprietary blend of VTR trip data and CFDBS prices, mixed with Vessel characteristics from PERMIT database, major VTR gear by permit, and a dash of love."
"163",2018,"NE",5.3868608,"Fleet diversity in revenue","effective Shannon","Min-Yang's proprietary blend of VTR trip data and CFDBS prices, mixed with Vessel characteristics from PERMIT database, major VTR gear by permit, and a dash of love."
"164",2019,"NE",4.9576764,"Fleet diversity in revenue","effective Shannon","Min-Yang's proprietary blend of VTR trip data and CFDBS prices, mixed with Vessel characteristics from PERMIT database, major VTR gear by permit, and a dash of love."
"165",2020,"NE",5.0495725,"Fleet diversity in revenue","effective Shannon","Min-Yang's proprietary blend of VTR trip data and CFDBS prices, mixed with Vessel characteristics from PERMIT database, major VTR gear by permit, and a dash of love."
"166",2021,"NE",4.7124987,"Fleet diversity in revenue","effective Shannon","Min-Yang's proprietary blend of VTR trip data and CFDBS prices, mixed with Vessel characteristics from PERMIT database, major VTR gear by permit, and a dash of love."
"167",2022,"NE",5.37075,"Fleet diversity in revenue","effective Shannon","Min-Yang's proprietary blend of VTR trip data and CFDBS prices, mixed with Vessel characteristics from PERMIT database, major VTR gear by permit, and a dash of love."
"168",2023,"NE",5.9572358,"Fleet diversity in revenue","effective Shannon","Min-Yang's proprietary blend of VTR trip data and CFDBS prices, mixed with Vessel characteristics from PERMIT database, major VTR gear by permit, and a dash of love."
