"","doy","t","temp","seas","thresh","threshCriterion","durationCriterion","event","event_no","EPU","Year"
"1",1,2021-01-01,8.76,8.2235,9.5344,FALSE,FALSE,FALSE,NA,"GB","2021"
"2",2,2021-01-02,8.74,8.1492,9.4613,FALSE,FALSE,FALSE,NA,"GB","2021"
"3",3,2021-01-03,8.67,8.0752,9.3884,FALSE,FALSE,FALSE,NA,"GB","2021"
"4",4,2021-01-04,8.57,8.0015,9.3161,FALSE,FALSE,FALSE,NA,"GB","2021"
"5",5,2021-01-05,8.6,7.9283,9.2427,FALSE,FALSE,FALSE,NA,"GB","2021"
"6",6,2021-01-06,8.58,7.8553,9.1708,FALSE,FALSE,FALSE,NA,"GB","2021"
"7",7,2021-01-07,8.71,7.7826,9.0978,FALSE,FALSE,FALSE,NA,"GB","2021"
"8",8,2021-01-08,8.81,7.71,9.0233,FALSE,FALSE,FALSE,NA,"GB","2021"
"9",9,2021-01-09,8.81,7.6376,8.9481,FALSE,FALSE,FALSE,NA,"GB","2021"
"10",10,2021-01-10,8.66,7.5653,8.8748,FALSE,FALSE,FALSE,NA,"GB","2021"
"11",11,2021-01-11,8.75,7.4933,8.8015,FALSE,FALSE,FALSE,NA,"GB","2021"
"12",12,2021-01-12,8.78,7.4218,8.7284,TRUE,TRUE,TRUE,63,"GB","2021"
"13",13,2021-01-13,9.11,7.3512,8.6555,TRUE,TRUE,TRUE,63,"GB","2021"
"14",14,2021-01-14,9.16,7.2817,8.582,TRUE,TRUE,TRUE,63,"GB","2021"
"15",15,2021-01-15,9.24,7.2133,8.5075,TRUE,TRUE,TRUE,63,"GB","2021"
"16",16,2021-01-16,8.98,7.1459,8.4358,TRUE,TRUE,TRUE,63,"GB","2021"
"17",17,2021-01-17,8.79,7.0794,8.3661,TRUE,TRUE,TRUE,63,"GB","2021"
"18",18,2021-01-18,8.91,7.0141,8.2974,TRUE,TRUE,TRUE,63,"GB","2021"
"19",19,2021-01-19,9.22,6.95,8.2292,TRUE,TRUE,TRUE,63,"GB","2021"
"20",20,2021-01-20,8.9,6.887,8.1596,TRUE,TRUE,TRUE,63,"GB","2021"
"21",21,2021-01-21,8.51,6.8252,8.0896,TRUE,TRUE,TRUE,63,"GB","2021"
"22",22,2021-01-22,8.42,6.7646,8.0206,TRUE,TRUE,TRUE,63,"GB","2021"
"23",23,2021-01-23,8.36,6.7052,7.9528,TRUE,TRUE,TRUE,63,"GB","2021"
"24",24,2021-01-24,8.21,6.6466,7.8882,TRUE,TRUE,TRUE,63,"GB","2021"
"25",25,2021-01-25,8.15,6.5886,7.823,TRUE,TRUE,TRUE,63,"GB","2021"
"26",26,2021-01-26,7.99,6.5312,7.7608,TRUE,TRUE,TRUE,63,"GB","2021"
"27",27,2021-01-27,7.8,6.4746,7.6978,TRUE,TRUE,TRUE,63,"GB","2021"
"28",28,2021-01-28,7.66,6.4187,7.6335,TRUE,TRUE,TRUE,63,"GB","2021"
"29",29,2021-01-29,7.57,6.3636,7.5699,TRUE,TRUE,TRUE,63,"GB","2021"
"30",30,2021-01-30,7.5,6.3096,7.508,FALSE,FALSE,TRUE,63,"GB","2021"
"31",31,2021-01-31,7.3,6.2569,7.4455,FALSE,FALSE,TRUE,63,"GB","2021"
"32",32,2021-02-01,7.6,6.2054,7.3851,TRUE,TRUE,TRUE,63,"GB","2021"
"33",33,2021-02-02,7.76,6.1554,7.3255,TRUE,TRUE,TRUE,63,"GB","2021"
"34",34,2021-02-03,7.7,6.107,7.269,TRUE,TRUE,TRUE,63,"GB","2021"
"35",35,2021-02-04,7.83,6.0603,7.2157,TRUE,TRUE,TRUE,63,"GB","2021"
"36",36,2021-02-05,7.24,6.0156,7.1668,TRUE,TRUE,TRUE,63,"GB","2021"
"37",37,2021-02-06,7.11,5.9726,7.1213,FALSE,FALSE,FALSE,NA,"GB","2021"
"38",38,2021-02-07,6.9,5.9315,7.0792,FALSE,FALSE,FALSE,NA,"GB","2021"
"39",39,2021-02-08,6.78,5.892,7.0399,FALSE,FALSE,FALSE,NA,"GB","2021"
"40",40,2021-02-09,6.83,5.8542,7.0038,FALSE,FALSE,FALSE,NA,"GB","2021"
"41",41,2021-02-10,6.86,5.818,6.9702,FALSE,FALSE,FALSE,NA,"GB","2021"
"42",42,2021-02-11,6.86,5.7831,6.9372,FALSE,FALSE,FALSE,NA,"GB","2021"
"43",43,2021-02-12,6.8,5.7493,6.9043,FALSE,FALSE,FALSE,NA,"GB","2021"
"44",44,2021-02-13,6.67,5.7163,6.8725,FALSE,FALSE,FALSE,NA,"GB","2021"
"45",45,2021-02-14,6.62,5.6839,6.8398,FALSE,FALSE,FALSE,NA,"GB","2021"
"46",46,2021-02-15,6.66,5.6519,6.8072,FALSE,FALSE,FALSE,NA,"GB","2021"
"47",47,2021-02-16,6.95,5.6204,6.7743,TRUE,TRUE,TRUE,64,"GB","2021"
"48",48,2021-02-17,7.03,5.5895,6.7427,TRUE,TRUE,TRUE,64,"GB","2021"
"49",49,2021-02-18,7.05,5.5594,6.7091,TRUE,TRUE,TRUE,64,"GB","2021"
"50",50,2021-02-19,7.12,5.5303,6.6768,TRUE,TRUE,TRUE,64,"GB","2021"
"51",51,2021-02-20,7.02,5.5022,6.6458,TRUE,TRUE,TRUE,64,"GB","2021"
"52",52,2021-02-21,6.84,5.4751,6.6153,TRUE,TRUE,TRUE,64,"GB","2021"
"53",53,2021-02-22,6.76,5.449,6.5856,TRUE,TRUE,TRUE,64,"GB","2021"
"54",54,2021-02-23,6.12,5.4242,6.5612,FALSE,FALSE,FALSE,NA,"GB","2021"
"55",55,2021-02-24,5.96,5.4009,6.5379,FALSE,FALSE,FALSE,NA,"GB","2021"
"56",56,2021-02-25,5.81,5.3793,6.5186,FALSE,FALSE,FALSE,NA,"GB","2021"
"57",57,2021-02-26,5.5,5.3596,6.5015,FALSE,FALSE,FALSE,NA,"GB","2021"
"58",58,2021-02-27,5.47,5.3417,6.4882,FALSE,FALSE,FALSE,NA,"GB","2021"
"59",59,2021-02-28,5.86,5.3254,6.4785,FALSE,FALSE,FALSE,NA,"GB","2021"
"60",61,2021-03-01,6.11,5.2979,6.4629,FALSE,FALSE,FALSE,NA,"GB","2021"
"61",62,2021-03-02,5.67,5.286,6.4565,FALSE,FALSE,FALSE,NA,"GB","2021"
"62",63,2021-03-03,5.66,5.2752,6.4514,FALSE,FALSE,FALSE,NA,"GB","2021"
"63",64,2021-03-04,5.55,5.2655,6.4485,FALSE,FALSE,FALSE,NA,"GB","2021"
"64",65,2021-03-05,5.38,5.2566,6.4455,FALSE,FALSE,FALSE,NA,"GB","2021"
"65",66,2021-03-06,5.27,5.2484,6.4434,FALSE,FALSE,FALSE,NA,"GB","2021"
"66",67,2021-03-07,5.19,5.2409,6.4411,FALSE,FALSE,FALSE,NA,"GB","2021"
"67",68,2021-03-08,4.95,5.2343,6.4383,FALSE,FALSE,FALSE,NA,"GB","2021"
"68",69,2021-03-09,4.99,5.2292,6.4382,FALSE,FALSE,FALSE,NA,"GB","2021"
"69",70,2021-03-10,5.23,5.2255,6.4385,FALSE,FALSE,FALSE,NA,"GB","2021"
"70",71,2021-03-11,5.47,5.223,6.4424,FALSE,FALSE,FALSE,NA,"GB","2021"
"71",72,2021-03-12,5.77,5.2219,6.4472,FALSE,FALSE,FALSE,NA,"GB","2021"
"72",73,2021-03-13,5.84,5.2222,6.4529,FALSE,FALSE,FALSE,NA,"GB","2021"
"73",74,2021-03-14,5.68,5.2241,6.4551,FALSE,FALSE,FALSE,NA,"GB","2021"
"74",75,2021-03-15,5.62,5.2277,6.4578,FALSE,FALSE,FALSE,NA,"GB","2021"
"75",76,2021-03-16,5.08,5.2329,6.4626,FALSE,FALSE,FALSE,NA,"GB","2021"
"76",77,2021-03-17,5.05,5.2399,6.4708,FALSE,FALSE,FALSE,NA,"GB","2021"
"77",78,2021-03-18,5.16,5.2487,6.4814,FALSE,FALSE,FALSE,NA,"GB","2021"
"78",79,2021-03-19,5.23,5.2591,6.4944,FALSE,FALSE,FALSE,NA,"GB","2021"
"79",80,2021-03-20,5.21,5.2709,6.5113,FALSE,FALSE,FALSE,NA,"GB","2021"
"80",81,2021-03-21,5.27,5.2841,6.5293,FALSE,FALSE,FALSE,NA,"GB","2021"
"81",82,2021-03-22,5.42,5.2985,6.5486,FALSE,FALSE,FALSE,NA,"GB","2021"
"82",83,2021-03-23,5.74,5.3143,6.5695,FALSE,FALSE,FALSE,NA,"GB","2021"
"83",84,2021-03-24,6.03,5.3316,6.5914,FALSE,FALSE,FALSE,NA,"GB","2021"
"84",85,2021-03-25,6.35,5.3503,6.6097,FALSE,FALSE,FALSE,NA,"GB","2021"
"85",86,2021-03-26,6.06,5.3703,6.6291,FALSE,FALSE,FALSE,NA,"GB","2021"
"86",87,2021-03-27,5.81,5.3921,6.6487,FALSE,FALSE,FALSE,NA,"GB","2021"
"87",88,2021-03-28,5.77,5.4155,6.6694,FALSE,FALSE,FALSE,NA,"GB","2021"
"88",89,2021-03-29,5.9,5.4405,6.6907,FALSE,FALSE,FALSE,NA,"GB","2021"
"89",90,2021-03-30,5.95,5.4673,6.7123,FALSE,FALSE,FALSE,NA,"GB","2021"
"90",91,2021-03-31,6,5.4957,6.7333,FALSE,FALSE,FALSE,NA,"GB","2021"
"91",92,2021-04-01,6.07,5.5262,6.7556,FALSE,FALSE,FALSE,NA,"GB","2021"
"92",93,2021-04-02,6.08,5.5595,6.7804,FALSE,FALSE,FALSE,NA,"GB","2021"
"93",94,2021-04-03,6.14,5.5953,6.8093,FALSE,FALSE,FALSE,NA,"GB","2021"
"94",95,2021-04-04,6.14,5.6335,6.8396,FALSE,FALSE,FALSE,NA,"GB","2021"
"95",96,2021-04-05,6.14,5.6742,6.8744,FALSE,FALSE,FALSE,NA,"GB","2021"
"96",97,2021-04-06,6.3,5.7174,6.9124,FALSE,FALSE,FALSE,NA,"GB","2021"
"97",98,2021-04-07,6.42,5.7629,6.9513,FALSE,FALSE,FALSE,NA,"GB","2021"
"98",99,2021-04-08,6.59,5.8103,6.9904,FALSE,FALSE,FALSE,NA,"GB","2021"
"99",100,2021-04-09,6.78,5.8589,7.0295,FALSE,FALSE,FALSE,NA,"GB","2021"
"100",101,2021-04-10,6.9,5.9088,7.0695,FALSE,FALSE,FALSE,NA,"GB","2021"
"101",102,2021-04-11,7.1,5.9602,7.1069,FALSE,FALSE,FALSE,NA,"GB","2021"
"102",103,2021-04-12,7.01,6.0132,7.1466,FALSE,FALSE,FALSE,NA,"GB","2021"
"103",104,2021-04-13,6.74,6.0675,7.1888,FALSE,FALSE,FALSE,NA,"GB","2021"
"104",105,2021-04-14,6.79,6.1234,7.2369,FALSE,FALSE,FALSE,NA,"GB","2021"
"105",106,2021-04-15,6.79,6.1813,7.2875,FALSE,FALSE,FALSE,NA,"GB","2021"
"106",107,2021-04-16,6.8,6.2415,7.3435,FALSE,FALSE,FALSE,NA,"GB","2021"
"107",108,2021-04-17,6.94,6.3041,7.4029,FALSE,FALSE,FALSE,NA,"GB","2021"
"108",109,2021-04-18,7.14,6.3695,7.4644,FALSE,FALSE,FALSE,NA,"GB","2021"
"109",110,2021-04-19,7.23,6.4373,7.5273,FALSE,FALSE,FALSE,NA,"GB","2021"
"110",111,2021-04-20,7.46,6.5082,7.5973,FALSE,FALSE,FALSE,NA,"GB","2021"
"111",112,2021-04-21,7.75,6.582,7.6731,TRUE,FALSE,FALSE,NA,"GB","2021"
"112",113,2021-04-22,7.62,6.6582,7.7537,FALSE,FALSE,FALSE,NA,"GB","2021"
"113",114,2021-04-23,6.98,6.7366,7.8376,FALSE,FALSE,FALSE,NA,"GB","2021"
"114",115,2021-04-24,6.94,6.8167,7.9228,FALSE,FALSE,FALSE,NA,"GB","2021"
"115",116,2021-04-25,6.9,6.8988,8.0092,FALSE,FALSE,FALSE,NA,"GB","2021"
"116",117,2021-04-26,6.85,6.9826,8.0976,FALSE,FALSE,FALSE,NA,"GB","2021"
"117",118,2021-04-27,7.12,7.0678,8.1879,FALSE,FALSE,FALSE,NA,"GB","2021"
"118",119,2021-04-28,7.41,7.154,8.2838,FALSE,FALSE,FALSE,NA,"GB","2021"
"119",120,2021-04-29,7.55,7.2409,8.3809,FALSE,FALSE,FALSE,NA,"GB","2021"
"120",121,2021-04-30,7.55,7.3288,8.4781,FALSE,FALSE,FALSE,NA,"GB","2021"
"121",122,2021-05-01,7.7,7.4177,8.5766,FALSE,FALSE,FALSE,NA,"GB","2021"
"122",123,2021-05-02,8.67,7.5073,8.675,FALSE,FALSE,FALSE,NA,"GB","2021"
"123",124,2021-05-03,8.65,7.5975,8.7721,FALSE,FALSE,FALSE,NA,"GB","2021"
"124",125,2021-05-04,8.67,7.6885,8.8664,FALSE,FALSE,FALSE,NA,"GB","2021"
"125",126,2021-05-05,8.47,7.7808,8.9606,FALSE,FALSE,FALSE,NA,"GB","2021"
"126",127,2021-05-06,8.54,7.8735,9.0554,FALSE,FALSE,FALSE,NA,"GB","2021"
"127",128,2021-05-07,8.59,7.9668,9.152,FALSE,FALSE,FALSE,NA,"GB","2021"
"128",129,2021-05-08,8.66,8.0613,9.251,FALSE,FALSE,FALSE,NA,"GB","2021"
"129",130,2021-05-09,9.02,8.1575,9.3586,FALSE,FALSE,FALSE,NA,"GB","2021"
"130",131,2021-05-10,9.27,8.2563,9.4758,FALSE,FALSE,FALSE,NA,"GB","2021"
"131",132,2021-05-11,8.92,8.358,9.5961,FALSE,FALSE,FALSE,NA,"GB","2021"
"132",133,2021-05-12,9.09,8.4624,9.7225,FALSE,FALSE,FALSE,NA,"GB","2021"
"133",134,2021-05-13,9.44,8.5693,9.8531,FALSE,FALSE,FALSE,NA,"GB","2021"
"134",135,2021-05-14,9.61,8.6783,9.9876,FALSE,FALSE,FALSE,NA,"GB","2021"
"135",136,2021-05-15,10.05,8.7888,10.1218,FALSE,FALSE,FALSE,NA,"GB","2021"
"136",137,2021-05-16,10.34,8.9002,10.254,TRUE,TRUE,TRUE,65,"GB","2021"
"137",138,2021-05-17,11.06,9.0128,10.3832,TRUE,TRUE,TRUE,65,"GB","2021"
"138",139,2021-05-18,11.64,9.1261,10.5109,TRUE,TRUE,TRUE,65,"GB","2021"
"139",140,2021-05-19,11.05,9.2401,10.6386,TRUE,TRUE,TRUE,65,"GB","2021"
"140",141,2021-05-20,10.8,9.3547,10.7683,TRUE,TRUE,TRUE,65,"GB","2021"
"141",142,2021-05-21,10.87,9.4692,10.8937,FALSE,FALSE,FALSE,NA,"GB","2021"
"142",143,2021-05-22,11.35,9.5837,11.013,TRUE,FALSE,FALSE,NA,"GB","2021"
"143",144,2021-05-23,11.18,9.6981,11.1285,TRUE,FALSE,FALSE,NA,"GB","2021"
"144",145,2021-05-24,10.81,9.8131,11.2424,FALSE,FALSE,FALSE,NA,"GB","2021"
"145",146,2021-05-25,10.61,9.9297,11.3583,FALSE,FALSE,FALSE,NA,"GB","2021"
"146",147,2021-05-26,10.87,10.0474,11.4768,FALSE,FALSE,FALSE,NA,"GB","2021"
"147",148,2021-05-27,11.43,10.1666,11.5968,FALSE,FALSE,FALSE,NA,"GB","2021"
"148",149,2021-05-28,11.68,10.2879,11.7214,FALSE,FALSE,FALSE,NA,"GB","2021"
"149",150,2021-05-29,11.78,10.4116,11.8412,FALSE,FALSE,FALSE,NA,"GB","2021"
"150",151,2021-05-30,12.89,10.538,11.9657,TRUE,TRUE,TRUE,66,"GB","2021"
"151",152,2021-05-31,13.11,10.6664,12.0921,TRUE,TRUE,TRUE,66,"GB","2021"
"152",153,2021-06-01,13.05,10.7967,12.2287,TRUE,TRUE,TRUE,66,"GB","2021"
"153",154,2021-06-02,13.16,10.9288,12.3675,TRUE,TRUE,TRUE,66,"GB","2021"
"154",155,2021-06-03,13.44,11.0628,12.5136,TRUE,TRUE,TRUE,66,"GB","2021"
"155",156,2021-06-04,12.56,11.199,12.6627,FALSE,FALSE,TRUE,66,"GB","2021"
"156",157,2021-06-05,12.56,11.3371,12.8185,FALSE,FALSE,TRUE,66,"GB","2021"
"157",158,2021-06-06,13.33,11.4779,12.9776,TRUE,TRUE,TRUE,66,"GB","2021"
"158",159,2021-06-07,13.74,11.6216,13.1381,TRUE,TRUE,TRUE,66,"GB","2021"
"159",160,2021-06-08,13.83,11.7671,13.2955,TRUE,TRUE,TRUE,66,"GB","2021"
"160",161,2021-06-09,14.06,11.9136,13.4466,TRUE,TRUE,TRUE,66,"GB","2021"
"161",162,2021-06-10,14.23,12.0605,13.5891,TRUE,TRUE,TRUE,66,"GB","2021"
"162",163,2021-06-11,14.28,12.2079,13.7313,TRUE,TRUE,TRUE,66,"GB","2021"
"163",164,2021-06-12,13.61,12.3559,13.8717,FALSE,FALSE,FALSE,NA,"GB","2021"
"164",165,2021-06-13,13.61,12.5045,14.0102,FALSE,FALSE,FALSE,NA,"GB","2021"
"165",166,2021-06-14,13.88,12.6544,14.1479,FALSE,FALSE,FALSE,NA,"GB","2021"
"166",167,2021-06-15,14.12,12.805,14.2882,FALSE,FALSE,FALSE,NA,"GB","2021"
"167",168,2021-06-16,15.14,12.9562,14.431,TRUE,TRUE,TRUE,67,"GB","2021"
"168",169,2021-06-17,15.24,13.1077,14.5756,TRUE,TRUE,TRUE,67,"GB","2021"
"169",170,2021-06-18,15.07,13.2596,14.7211,TRUE,TRUE,TRUE,67,"GB","2021"
"170",171,2021-06-19,15.43,13.412,14.872,TRUE,TRUE,TRUE,67,"GB","2021"
"171",172,2021-06-20,15.57,13.5651,15.024,TRUE,TRUE,TRUE,67,"GB","2021"
"172",173,2021-06-21,16.21,13.7188,15.1801,TRUE,TRUE,TRUE,67,"GB","2021"
"173",174,2021-06-22,16.71,13.8728,15.3385,TRUE,TRUE,TRUE,67,"GB","2021"
"174",175,2021-06-23,16.74,14.0268,15.5001,TRUE,TRUE,TRUE,67,"GB","2021"
"175",176,2021-06-24,16.75,14.181,15.6646,TRUE,TRUE,TRUE,67,"GB","2021"
"176",177,2021-06-25,17,14.3344,15.8361,TRUE,TRUE,TRUE,67,"GB","2021"
"177",178,2021-06-26,16.97,14.4875,16.0071,TRUE,TRUE,TRUE,67,"GB","2021"
"178",179,2021-06-27,16.98,14.6402,16.179,TRUE,TRUE,TRUE,67,"GB","2021"
"179",180,2021-06-28,17.67,14.7918,16.3477,TRUE,TRUE,TRUE,67,"GB","2021"
"180",181,2021-06-29,18.2,14.9419,16.5165,TRUE,TRUE,TRUE,67,"GB","2021"
"181",182,2021-06-30,18.87,15.0904,16.6816,TRUE,TRUE,TRUE,67,"GB","2021"
"182",183,2021-07-01,19.4,15.2377,16.8455,TRUE,TRUE,TRUE,67,"GB","2021"
"183",184,2021-07-02,19.34,15.3836,16.9991,TRUE,TRUE,TRUE,67,"GB","2021"
"184",185,2021-07-03,18.79,15.5279,17.1516,TRUE,TRUE,TRUE,67,"GB","2021"
"185",186,2021-07-04,17.97,15.6703,17.3028,TRUE,TRUE,TRUE,67,"GB","2021"
"186",187,2021-07-05,16.76,15.8093,17.4499,FALSE,FALSE,FALSE,NA,"GB","2021"
"187",188,2021-07-06,16.69,15.9446,17.5869,FALSE,FALSE,FALSE,NA,"GB","2021"
"188",189,2021-07-07,16.83,16.0762,17.7159,FALSE,FALSE,FALSE,NA,"GB","2021"
"189",190,2021-07-08,17.14,16.2038,17.8391,FALSE,FALSE,FALSE,NA,"GB","2021"
"190",191,2021-07-09,17.25,16.3282,17.9611,FALSE,FALSE,FALSE,NA,"GB","2021"
"191",192,2021-07-10,17.07,16.4494,18.0817,FALSE,FALSE,FALSE,NA,"GB","2021"
"192",193,2021-07-11,17.23,16.5674,18.1988,FALSE,FALSE,FALSE,NA,"GB","2021"
"193",194,2021-07-12,17.68,16.6823,18.3134,FALSE,FALSE,FALSE,NA,"GB","2021"
"194",195,2021-07-13,17.75,16.794,18.4256,FALSE,FALSE,FALSE,NA,"GB","2021"
"195",196,2021-07-14,19.28,16.9031,18.5341,TRUE,TRUE,TRUE,68,"GB","2021"
"196",197,2021-07-15,19.79,17.0094,18.6408,TRUE,TRUE,TRUE,68,"GB","2021"
"197",198,2021-07-16,19.58,17.114,18.7454,TRUE,TRUE,TRUE,68,"GB","2021"
"198",199,2021-07-17,19.56,17.2169,18.8483,TRUE,TRUE,TRUE,68,"GB","2021"
"199",200,2021-07-18,19.76,17.3172,18.9473,TRUE,TRUE,TRUE,68,"GB","2021"
"200",201,2021-07-19,19.96,17.4148,19.0435,TRUE,TRUE,TRUE,68,"GB","2021"
"201",202,2021-07-20,19.94,17.5092,19.133,TRUE,TRUE,TRUE,68,"GB","2021"
"202",203,2021-07-21,19.8,17.6007,19.2184,TRUE,TRUE,TRUE,68,"GB","2021"
"203",204,2021-07-22,19.78,17.6895,19.2975,TRUE,TRUE,TRUE,68,"GB","2021"
"204",205,2021-07-23,19.58,17.7757,19.3749,TRUE,TRUE,TRUE,68,"GB","2021"
"205",206,2021-07-24,19.55,17.8594,19.4492,TRUE,TRUE,TRUE,68,"GB","2021"
"206",207,2021-07-25,19.4,17.9401,19.5214,FALSE,FALSE,FALSE,NA,"GB","2021"
"207",208,2021-07-26,19.34,18.0176,19.5856,FALSE,FALSE,FALSE,NA,"GB","2021"
"208",209,2021-07-27,19.51,18.0918,19.6464,FALSE,FALSE,FALSE,NA,"GB","2021"
"209",210,2021-07-28,19.44,18.1629,19.7026,FALSE,FALSE,FALSE,NA,"GB","2021"
"210",211,2021-07-29,19.66,18.231,19.7561,FALSE,FALSE,FALSE,NA,"GB","2021"
"211",212,2021-07-30,19.17,18.2962,19.8106,FALSE,FALSE,FALSE,NA,"GB","2021"
"212",213,2021-07-31,18.8,18.3584,19.8612,FALSE,FALSE,FALSE,NA,"GB","2021"
"213",214,2021-08-01,18.9,18.4176,19.9141,FALSE,FALSE,FALSE,NA,"GB","2021"
"214",215,2021-08-02,18.92,18.4737,19.9676,FALSE,FALSE,FALSE,NA,"GB","2021"
"215",216,2021-08-03,19.21,18.5263,20.0193,FALSE,FALSE,FALSE,NA,"GB","2021"
"216",217,2021-08-04,19.37,18.5753,20.0648,FALSE,FALSE,FALSE,NA,"GB","2021"
"217",218,2021-08-05,19.53,18.6211,20.1087,FALSE,FALSE,FALSE,NA,"GB","2021"
"218",219,2021-08-06,19.79,18.6645,20.1517,FALSE,FALSE,FALSE,NA,"GB","2021"
"219",220,2021-08-07,20.09,18.705,20.195,FALSE,FALSE,FALSE,NA,"GB","2021"
"220",221,2021-08-08,20.17,18.7423,20.2375,FALSE,FALSE,FALSE,NA,"GB","2021"
"221",222,2021-08-09,20.29,18.7763,20.2782,TRUE,TRUE,TRUE,69,"GB","2021"
"222",223,2021-08-10,20.67,18.8073,20.314,TRUE,TRUE,TRUE,69,"GB","2021"
"223",224,2021-08-11,21.24,18.8354,20.3456,TRUE,TRUE,TRUE,69,"GB","2021"
"224",225,2021-08-12,21.38,18.8599,20.3685,TRUE,TRUE,TRUE,69,"GB","2021"
"225",226,2021-08-13,21.26,18.8802,20.3862,TRUE,TRUE,TRUE,69,"GB","2021"
"226",227,2021-08-14,21.35,18.8965,20.399,TRUE,TRUE,TRUE,69,"GB","2021"
"227",228,2021-08-15,21.49,18.9091,20.4083,TRUE,TRUE,TRUE,69,"GB","2021"
"228",229,2021-08-16,21.22,18.9178,20.4148,TRUE,TRUE,TRUE,69,"GB","2021"
"229",230,2021-08-17,21.28,18.9225,20.4199,TRUE,TRUE,TRUE,69,"GB","2021"
"230",231,2021-08-18,21.39,18.9242,20.4245,TRUE,TRUE,TRUE,69,"GB","2021"
"231",232,2021-08-19,21.04,18.9236,20.4295,TRUE,TRUE,TRUE,69,"GB","2021"
"232",233,2021-08-20,20.92,18.9206,20.4321,TRUE,TRUE,TRUE,69,"GB","2021"
"233",234,2021-08-21,21.48,18.9148,20.4343,TRUE,TRUE,TRUE,69,"GB","2021"
"234",235,2021-08-22,21.94,18.9057,20.4363,TRUE,TRUE,TRUE,69,"GB","2021"
"235",236,2021-08-23,21.75,18.8939,20.4369,TRUE,TRUE,TRUE,69,"GB","2021"
"236",237,2021-08-24,21.2,18.8796,20.4362,TRUE,TRUE,TRUE,69,"GB","2021"
"237",238,2021-08-25,20.8,18.8629,20.4325,TRUE,TRUE,TRUE,69,"GB","2021"
"238",239,2021-08-26,21,18.844,20.4251,TRUE,TRUE,TRUE,69,"GB","2021"
"239",240,2021-08-27,21.17,18.8228,20.4171,TRUE,TRUE,TRUE,69,"GB","2021"
"240",241,2021-08-28,21.2,18.7988,20.4052,TRUE,TRUE,TRUE,69,"GB","2021"
"241",242,2021-08-29,20.87,18.7718,20.3885,TRUE,TRUE,TRUE,69,"GB","2021"
"242",243,2021-08-30,20.66,18.7415,20.3653,TRUE,TRUE,TRUE,69,"GB","2021"
"243",244,2021-08-31,20.77,18.7084,20.3393,TRUE,TRUE,TRUE,69,"GB","2021"
"244",245,2021-09-01,21,18.6728,20.3077,TRUE,TRUE,TRUE,69,"GB","2021"
"245",246,2021-09-02,19.98,18.6351,20.2735,FALSE,FALSE,FALSE,NA,"GB","2021"
"246",247,2021-09-03,19.02,18.5958,20.2363,FALSE,FALSE,FALSE,NA,"GB","2021"
"247",248,2021-09-04,18.81,18.5554,20.1959,FALSE,FALSE,FALSE,NA,"GB","2021"
"248",249,2021-09-05,18.87,18.5137,20.1489,FALSE,FALSE,FALSE,NA,"GB","2021"
"249",250,2021-09-06,19.05,18.4704,20.1017,FALSE,FALSE,FALSE,NA,"GB","2021"
"250",251,2021-09-07,19.19,18.4261,20.0524,FALSE,FALSE,FALSE,NA,"GB","2021"
"251",252,2021-09-08,19.47,18.3807,19.9993,FALSE,FALSE,FALSE,NA,"GB","2021"
"252",253,2021-09-09,19.73,18.3342,19.9432,FALSE,FALSE,FALSE,NA,"GB","2021"
"253",254,2021-09-10,19.54,18.2868,19.886,FALSE,FALSE,FALSE,NA,"GB","2021"
"254",255,2021-09-11,19.3,18.2381,19.8324,FALSE,FALSE,FALSE,NA,"GB","2021"
"255",256,2021-09-12,19.33,18.1883,19.7841,FALSE,FALSE,FALSE,NA,"GB","2021"
"256",257,2021-09-13,19.18,18.1374,19.7367,FALSE,FALSE,FALSE,NA,"GB","2021"
"257",258,2021-09-14,19.16,18.0848,19.6893,FALSE,FALSE,FALSE,NA,"GB","2021"
"258",259,2021-09-15,19.38,18.0303,19.6396,FALSE,FALSE,FALSE,NA,"GB","2021"
"259",260,2021-09-16,19.58,17.9741,19.5889,FALSE,FALSE,FALSE,NA,"GB","2021"
"260",261,2021-09-17,19.74,17.916,19.5373,TRUE,TRUE,TRUE,70,"GB","2021"
"261",262,2021-09-18,19.93,17.8557,19.4841,TRUE,TRUE,TRUE,70,"GB","2021"
"262",263,2021-09-19,19.82,17.7928,19.426,TRUE,TRUE,TRUE,70,"GB","2021"
"263",264,2021-09-20,19.45,17.7277,19.3659,TRUE,TRUE,TRUE,70,"GB","2021"
"264",265,2021-09-21,19.32,17.6606,19.2992,TRUE,TRUE,TRUE,70,"GB","2021"
"265",266,2021-09-22,19.18,17.5915,19.2248,FALSE,FALSE,TRUE,70,"GB","2021"
"266",267,2021-09-23,19.39,17.52,19.1431,TRUE,TRUE,TRUE,70,"GB","2021"
"267",268,2021-09-24,19.75,17.4465,19.0583,TRUE,TRUE,TRUE,70,"GB","2021"
"268",269,2021-09-25,19.95,17.3713,18.9686,TRUE,TRUE,TRUE,70,"GB","2021"
"269",270,2021-09-26,19.71,17.2942,18.876,TRUE,TRUE,TRUE,70,"GB","2021"
"270",271,2021-09-27,19.19,17.215,18.7825,TRUE,TRUE,TRUE,70,"GB","2021"
"271",272,2021-09-28,19.06,17.1336,18.6868,TRUE,TRUE,TRUE,70,"GB","2021"
"272",273,2021-09-29,19.07,17.0503,18.5916,TRUE,TRUE,TRUE,70,"GB","2021"
"273",274,2021-09-30,18.85,16.9657,18.4981,TRUE,TRUE,TRUE,70,"GB","2021"
"274",275,2021-10-01,18.36,16.8795,18.406,FALSE,FALSE,TRUE,70,"GB","2021"
"275",276,2021-10-02,18.23,16.7914,18.3118,FALSE,FALSE,TRUE,70,"GB","2021"
"276",277,2021-10-03,18.26,16.7015,18.2151,TRUE,TRUE,TRUE,70,"GB","2021"
"277",278,2021-10-04,18.32,16.6097,18.1168,TRUE,TRUE,TRUE,70,"GB","2021"
"278",279,2021-10-05,18.48,16.516,18.0178,TRUE,TRUE,TRUE,70,"GB","2021"
"279",280,2021-10-06,18.28,16.4208,17.9255,TRUE,TRUE,TRUE,70,"GB","2021"
"280",281,2021-10-07,18.17,16.3241,17.8282,TRUE,TRUE,TRUE,70,"GB","2021"
"281",282,2021-10-08,18.05,16.2257,17.7269,TRUE,TRUE,TRUE,70,"GB","2021"
"282",283,2021-10-09,18.05,16.1261,17.6219,TRUE,TRUE,TRUE,70,"GB","2021"
"283",284,2021-10-10,18.02,16.0254,17.5203,TRUE,TRUE,TRUE,70,"GB","2021"
"284",285,2021-10-11,18.02,15.9232,17.4198,TRUE,TRUE,TRUE,70,"GB","2021"
"285",286,2021-10-12,17.99,15.8198,17.3159,TRUE,TRUE,TRUE,70,"GB","2021"
"286",287,2021-10-13,17.78,15.7154,17.209,TRUE,TRUE,TRUE,70,"GB","2021"
"287",288,2021-10-14,17.91,15.6101,17.0991,TRUE,TRUE,TRUE,70,"GB","2021"
"288",289,2021-10-15,17.78,15.5043,16.9906,TRUE,TRUE,TRUE,70,"GB","2021"
"289",290,2021-10-16,17.75,15.3979,16.8813,TRUE,TRUE,TRUE,70,"GB","2021"
"290",291,2021-10-17,17.73,15.2909,16.7688,TRUE,TRUE,TRUE,70,"GB","2021"
"291",292,2021-10-18,17.54,15.1837,16.6527,TRUE,TRUE,TRUE,70,"GB","2021"
"292",293,2021-10-19,16.92,15.0766,16.5355,TRUE,TRUE,TRUE,70,"GB","2021"
"293",294,2021-10-20,16.57,14.9696,16.4194,TRUE,TRUE,TRUE,70,"GB","2021"
"294",295,2021-10-21,16.53,14.8628,16.302,TRUE,TRUE,TRUE,70,"GB","2021"
"295",296,2021-10-22,16.49,14.7559,16.1878,TRUE,TRUE,TRUE,70,"GB","2021"
"296",297,2021-10-23,16.46,14.6494,16.079,TRUE,TRUE,TRUE,70,"GB","2021"
"297",298,2021-10-24,16.32,14.5435,15.9757,TRUE,TRUE,TRUE,70,"GB","2021"
"298",299,2021-10-25,16.18,14.4383,15.8735,TRUE,TRUE,TRUE,70,"GB","2021"
"299",300,2021-10-26,16.17,14.3335,15.774,TRUE,TRUE,TRUE,70,"GB","2021"
"300",301,2021-10-27,16.04,14.2293,15.6745,TRUE,TRUE,TRUE,70,"GB","2021"
"301",302,2021-10-28,16.22,14.1254,15.5711,TRUE,TRUE,TRUE,70,"GB","2021"
"302",303,2021-10-29,16.44,14.022,15.4692,TRUE,TRUE,TRUE,70,"GB","2021"
"303",304,2021-10-30,16.1,13.9194,15.3655,TRUE,TRUE,TRUE,70,"GB","2021"
"304",305,2021-10-31,15.6,13.8172,15.2578,TRUE,TRUE,TRUE,70,"GB","2021"
"305",306,2021-11-01,15.51,13.7157,15.1469,TRUE,TRUE,TRUE,70,"GB","2021"
"306",307,2021-11-02,15.41,13.615,15.0362,TRUE,TRUE,TRUE,70,"GB","2021"
"307",308,2021-11-03,15.38,13.5149,14.9252,TRUE,TRUE,TRUE,70,"GB","2021"
"308",309,2021-11-04,15.35,13.4153,14.8149,TRUE,TRUE,TRUE,70,"GB","2021"
"309",310,2021-11-05,15.1,13.3162,14.7055,TRUE,TRUE,TRUE,70,"GB","2021"
"310",311,2021-11-06,14.85,13.2178,14.5955,TRUE,TRUE,TRUE,70,"GB","2021"
"311",312,2021-11-07,14.75,13.1199,14.4858,TRUE,TRUE,TRUE,70,"GB","2021"
"312",313,2021-11-08,14.79,13.0227,14.3774,TRUE,TRUE,TRUE,70,"GB","2021"
"313",314,2021-11-09,14.69,12.9258,14.2723,TRUE,TRUE,TRUE,70,"GB","2021"
"314",315,2021-11-10,14.57,12.8291,14.1666,TRUE,TRUE,TRUE,70,"GB","2021"
"315",316,2021-11-11,14.45,12.7327,14.0629,TRUE,TRUE,TRUE,70,"GB","2021"
"316",317,2021-11-12,14.41,12.6367,13.962,TRUE,TRUE,TRUE,70,"GB","2021"
"317",318,2021-11-13,14.35,12.5414,13.8637,TRUE,TRUE,TRUE,70,"GB","2021"
"318",319,2021-11-14,14.22,12.447,13.7688,TRUE,TRUE,TRUE,70,"GB","2021"
"319",320,2021-11-15,14.1,12.3529,13.6734,TRUE,TRUE,TRUE,70,"GB","2021"
"320",321,2021-11-16,13.83,12.2592,13.5777,TRUE,TRUE,TRUE,70,"GB","2021"
"321",322,2021-11-17,13.55,12.1657,13.4844,TRUE,TRUE,TRUE,70,"GB","2021"
"322",323,2021-11-18,13.47,12.0722,13.3905,TRUE,TRUE,TRUE,70,"GB","2021"
"323",324,2021-11-19,13.36,11.9787,13.2963,TRUE,TRUE,TRUE,70,"GB","2021"
"324",325,2021-11-20,13.23,11.8848,13.2024,TRUE,TRUE,TRUE,70,"GB","2021"
"325",326,2021-11-21,13.03,11.7907,13.1106,FALSE,FALSE,FALSE,NA,"GB","2021"
"326",327,2021-11-22,13.12,11.6966,13.018,TRUE,FALSE,FALSE,NA,"GB","2021"
"327",328,2021-11-23,12.91,11.6026,12.9215,FALSE,FALSE,FALSE,NA,"GB","2021"
"328",329,2021-11-24,12.64,11.5084,12.8238,FALSE,FALSE,FALSE,NA,"GB","2021"
"329",330,2021-11-25,12.49,11.4137,12.7254,FALSE,FALSE,FALSE,NA,"GB","2021"
"330",331,2021-11-26,12.26,11.3188,12.6264,FALSE,FALSE,FALSE,NA,"GB","2021"
"331",332,2021-11-27,11.85,11.2239,12.5298,FALSE,FALSE,FALSE,NA,"GB","2021"
"332",333,2021-11-28,11.71,11.1294,12.4352,FALSE,FALSE,FALSE,NA,"GB","2021"
"333",334,2021-11-29,11.64,11.0353,12.3403,FALSE,FALSE,FALSE,NA,"GB","2021"
"334",1,2021-01-01,7.32,7.2183,8.5103,FALSE,FALSE,FALSE,NA,"GOM","2021"
"335",2,2021-01-02,7.4,7.16,8.4545,FALSE,FALSE,FALSE,NA,"GOM","2021"
"336",3,2021-01-03,7.62,7.1018,8.3997,FALSE,FALSE,FALSE,NA,"GOM","2021"
"337",4,2021-01-04,7.63,7.0436,8.3461,FALSE,FALSE,FALSE,NA,"GOM","2021"
"338",5,2021-01-05,7.59,6.9856,8.2922,FALSE,FALSE,FALSE,NA,"GOM","2021"
"339",6,2021-01-06,7.55,6.9278,8.2387,FALSE,FALSE,FALSE,NA,"GOM","2021"
"340",7,2021-01-07,7.27,6.8699,8.1861,FALSE,FALSE,FALSE,NA,"GOM","2021"
"341",8,2021-01-08,7.26,6.8118,8.1297,FALSE,FALSE,FALSE,NA,"GOM","2021"
"342",9,2021-01-09,7.27,6.7535,8.0732,FALSE,FALSE,FALSE,NA,"GOM","2021"
"343",10,2021-01-10,7.15,6.695,8.0152,FALSE,FALSE,FALSE,NA,"GOM","2021"
"344",11,2021-01-11,7.07,6.6361,7.9574,FALSE,FALSE,FALSE,NA,"GOM","2021"
"345",12,2021-01-12,7.06,6.5771,7.9014,FALSE,FALSE,FALSE,NA,"GOM","2021"
"346",13,2021-01-13,7.06,6.5184,7.8454,FALSE,FALSE,FALSE,NA,"GOM","2021"
"347",14,2021-01-14,7.09,6.4601,7.7896,FALSE,FALSE,FALSE,NA,"GOM","2021"
"348",15,2021-01-15,7.33,6.4023,7.7327,FALSE,FALSE,FALSE,NA,"GOM","2021"
"349",16,2021-01-16,7.46,6.345,7.6738,FALSE,FALSE,FALSE,NA,"GOM","2021"
"350",17,2021-01-17,7.41,6.2885,7.6143,FALSE,FALSE,FALSE,NA,"GOM","2021"
"351",18,2021-01-18,7.38,6.2325,7.5534,FALSE,FALSE,FALSE,NA,"GOM","2021"
"352",19,2021-01-19,7.36,6.1774,7.4927,FALSE,FALSE,FALSE,NA,"GOM","2021"
"353",20,2021-01-20,7.26,6.1233,7.4321,FALSE,FALSE,FALSE,NA,"GOM","2021"
"354",21,2021-01-21,7.05,6.07,7.3742,FALSE,FALSE,FALSE,NA,"GOM","2021"
"355",22,2021-01-22,7.04,6.0176,7.3165,FALSE,FALSE,FALSE,NA,"GOM","2021"
"356",23,2021-01-23,6.96,5.9659,7.2587,FALSE,FALSE,FALSE,NA,"GOM","2021"
"357",24,2021-01-24,6.96,5.9145,7.203,FALSE,FALSE,FALSE,NA,"GOM","2021"
"358",25,2021-01-25,6.99,5.8634,7.1484,FALSE,FALSE,FALSE,NA,"GOM","2021"
"359",26,2021-01-26,7,5.8127,7.0905,FALSE,FALSE,FALSE,NA,"GOM","2021"
"360",27,2021-01-27,6.96,5.7625,7.0324,FALSE,FALSE,FALSE,NA,"GOM","2021"
"361",28,2021-01-28,6.8,5.7125,6.9779,FALSE,FALSE,FALSE,NA,"GOM","2021"
"362",29,2021-01-29,6.73,5.6631,6.9249,FALSE,FALSE,FALSE,NA,"GOM","2021"
"363",30,2021-01-30,6.65,5.6143,6.8732,FALSE,FALSE,FALSE,NA,"GOM","2021"
"364",31,2021-01-31,6.62,5.5662,6.8227,FALSE,FALSE,FALSE,NA,"GOM","2021"
"365",32,2021-02-01,6.67,5.5188,6.7734,FALSE,FALSE,FALSE,NA,"GOM","2021"
"366",33,2021-02-02,6.74,5.4725,6.7256,TRUE,FALSE,FALSE,NA,"GOM","2021"
"367",34,2021-02-03,6.69,5.4271,6.6795,TRUE,FALSE,FALSE,NA,"GOM","2021"
"368",35,2021-02-04,6.56,5.3828,6.6346,FALSE,FALSE,FALSE,NA,"GOM","2021"
"369",36,2021-02-05,6.54,5.3395,6.592,FALSE,FALSE,FALSE,NA,"GOM","2021"
"370",37,2021-02-06,6.58,5.2971,6.5509,TRUE,FALSE,FALSE,NA,"GOM","2021"
"371",38,2021-02-07,6.5,5.2557,6.5109,FALSE,FALSE,FALSE,NA,"GOM","2021"
"372",39,2021-02-08,6.39,5.2155,6.4725,FALSE,FALSE,FALSE,NA,"GOM","2021"
"373",40,2021-02-09,6.22,5.1763,6.4356,FALSE,FALSE,FALSE,NA,"GOM","2021"
"374",41,2021-02-10,6.21,5.138,6.3989,FALSE,FALSE,FALSE,NA,"GOM","2021"
"375",42,2021-02-11,6.09,5.1006,6.3622,FALSE,FALSE,FALSE,NA,"GOM","2021"
"376",43,2021-02-12,6.01,5.064,6.3267,FALSE,FALSE,FALSE,NA,"GOM","2021"
"377",44,2021-02-13,5.84,5.0279,6.2918,FALSE,FALSE,FALSE,NA,"GOM","2021"
"378",45,2021-02-14,5.71,4.9923,6.2581,FALSE,FALSE,FALSE,NA,"GOM","2021"
"379",46,2021-02-15,5.72,4.9575,6.2256,FALSE,FALSE,FALSE,NA,"GOM","2021"
"380",47,2021-02-16,6.08,4.9235,6.1946,FALSE,FALSE,FALSE,NA,"GOM","2021"
"381",48,2021-02-17,6.18,4.8901,6.164,TRUE,FALSE,FALSE,NA,"GOM","2021"
"382",49,2021-02-18,6.04,4.8575,6.134,FALSE,FALSE,FALSE,NA,"GOM","2021"
"383",50,2021-02-19,5.74,4.8257,6.1041,FALSE,FALSE,FALSE,NA,"GOM","2021"
"384",51,2021-02-20,5.68,4.7948,6.0754,FALSE,FALSE,FALSE,NA,"GOM","2021"
"385",52,2021-02-21,5.48,4.7648,6.0453,FALSE,FALSE,FALSE,NA,"GOM","2021"
"386",53,2021-02-22,5.38,4.7357,6.0164,FALSE,FALSE,FALSE,NA,"GOM","2021"
"387",54,2021-02-23,5.26,4.7076,5.9874,FALSE,FALSE,FALSE,NA,"GOM","2021"
"388",55,2021-02-24,5.36,4.6807,5.9586,FALSE,FALSE,FALSE,NA,"GOM","2021"
"389",56,2021-02-25,5.33,4.6552,5.9309,FALSE,FALSE,FALSE,NA,"GOM","2021"
"390",57,2021-02-26,5.29,4.631,5.9058,FALSE,FALSE,FALSE,NA,"GOM","2021"
"391",58,2021-02-27,5.28,4.6082,5.8826,FALSE,FALSE,FALSE,NA,"GOM","2021"
"392",59,2021-02-28,5.41,4.5867,5.8602,FALSE,FALSE,FALSE,NA,"GOM","2021"
"393",61,2021-03-01,5.43,4.547,5.816,FALSE,FALSE,FALSE,NA,"GOM","2021"
"394",62,2021-03-02,5.68,4.5286,5.7947,FALSE,FALSE,FALSE,NA,"GOM","2021"
"395",63,2021-03-03,5.73,4.5114,5.7754,FALSE,FALSE,FALSE,NA,"GOM","2021"
"396",64,2021-03-04,5.53,4.4951,5.757,FALSE,FALSE,FALSE,NA,"GOM","2021"
"397",65,2021-03-05,5.4,4.4798,5.7393,FALSE,FALSE,FALSE,NA,"GOM","2021"
"398",66,2021-03-06,5.4,4.4656,5.7218,FALSE,FALSE,FALSE,NA,"GOM","2021"
"399",67,2021-03-07,5.4,4.4523,5.7041,FALSE,FALSE,FALSE,NA,"GOM","2021"
"400",68,2021-03-08,5.33,4.4402,5.6874,FALSE,FALSE,FALSE,NA,"GOM","2021"
"401",69,2021-03-09,5.24,4.4295,5.6713,FALSE,FALSE,FALSE,NA,"GOM","2021"
"402",70,2021-03-10,5.36,4.4202,5.6581,FALSE,FALSE,FALSE,NA,"GOM","2021"
"403",71,2021-03-11,5.57,4.4124,5.6455,FALSE,FALSE,FALSE,NA,"GOM","2021"
"404",72,2021-03-12,5.84,4.4062,5.6354,TRUE,FALSE,FALSE,NA,"GOM","2021"
"405",73,2021-03-13,5.85,4.4016,5.6264,TRUE,FALSE,FALSE,NA,"GOM","2021"
"406",74,2021-03-14,5.77,4.3984,5.6167,TRUE,FALSE,FALSE,NA,"GOM","2021"
"407",75,2021-03-15,5.35,4.3967,5.608,FALSE,FALSE,FALSE,NA,"GOM","2021"
"408",76,2021-03-16,5.1,4.3964,5.6003,FALSE,FALSE,FALSE,NA,"GOM","2021"
"409",77,2021-03-17,5.1,4.3976,5.5938,FALSE,FALSE,FALSE,NA,"GOM","2021"
"410",78,2021-03-18,5.1,4.4004,5.5886,FALSE,FALSE,FALSE,NA,"GOM","2021"
"411",79,2021-03-19,5.19,4.4048,5.5851,FALSE,FALSE,FALSE,NA,"GOM","2021"
"412",80,2021-03-20,5.24,4.4106,5.5851,FALSE,FALSE,FALSE,NA,"GOM","2021"
"413",81,2021-03-21,5.42,4.4181,5.5861,FALSE,FALSE,FALSE,NA,"GOM","2021"
"414",82,2021-03-22,5.63,4.4269,5.5882,TRUE,TRUE,TRUE,52,"GOM","2021"
"415",83,2021-03-23,5.92,4.4373,5.5942,TRUE,TRUE,TRUE,52,"GOM","2021"
"416",84,2021-03-24,6.2,4.4495,5.6021,TRUE,TRUE,TRUE,52,"GOM","2021"
"417",85,2021-03-25,6.4,4.4639,5.6136,TRUE,TRUE,TRUE,52,"GOM","2021"
"418",86,2021-03-26,6.19,4.4804,5.6269,TRUE,TRUE,TRUE,52,"GOM","2021"
"419",87,2021-03-27,6.12,4.4991,5.6414,TRUE,TRUE,TRUE,52,"GOM","2021"
"420",88,2021-03-28,5.86,4.5201,5.6574,TRUE,TRUE,TRUE,52,"GOM","2021"
"421",89,2021-03-29,5.85,4.5432,5.6735,TRUE,TRUE,TRUE,52,"GOM","2021"
"422",90,2021-03-30,6.05,4.5685,5.6911,TRUE,TRUE,TRUE,52,"GOM","2021"
"423",91,2021-03-31,6.03,4.5962,5.7127,TRUE,TRUE,TRUE,52,"GOM","2021"
"424",92,2021-04-01,5.94,4.6267,5.7374,TRUE,TRUE,TRUE,52,"GOM","2021"
"425",93,2021-04-02,5.72,4.6602,5.7674,FALSE,FALSE,FALSE,NA,"GOM","2021"
"426",94,2021-04-03,5.79,4.6964,5.7988,FALSE,FALSE,FALSE,NA,"GOM","2021"
"427",95,2021-04-04,5.86,4.735,5.8347,TRUE,FALSE,FALSE,NA,"GOM","2021"
"428",96,2021-04-05,5.87,4.7762,5.8742,FALSE,FALSE,FALSE,NA,"GOM","2021"
"429",97,2021-04-06,6.06,4.8198,5.9158,TRUE,TRUE,TRUE,53,"GOM","2021"
"430",98,2021-04-07,6.3,4.8655,5.9597,TRUE,TRUE,TRUE,53,"GOM","2021"
"431",99,2021-04-08,6.72,4.9131,6.0055,TRUE,TRUE,TRUE,53,"GOM","2021"
"432",100,2021-04-09,6.98,4.9625,6.0526,TRUE,TRUE,TRUE,53,"GOM","2021"
"433",101,2021-04-10,7.06,5.0136,6.1014,TRUE,TRUE,TRUE,53,"GOM","2021"
"434",102,2021-04-11,7.16,5.0667,6.1527,TRUE,TRUE,TRUE,53,"GOM","2021"
"435",103,2021-04-12,6.86,5.1218,6.2073,TRUE,TRUE,TRUE,53,"GOM","2021"
"436",104,2021-04-13,6.61,5.179,6.266,TRUE,TRUE,TRUE,53,"GOM","2021"
"437",105,2021-04-14,6.66,5.2385,6.3263,TRUE,TRUE,TRUE,53,"GOM","2021"
"438",106,2021-04-15,6.66,5.3007,6.3879,TRUE,TRUE,TRUE,53,"GOM","2021"
"439",107,2021-04-16,6.56,5.3655,6.4551,TRUE,TRUE,TRUE,53,"GOM","2021"
"440",108,2021-04-17,6.33,5.4332,6.5276,FALSE,FALSE,TRUE,53,"GOM","2021"
"441",109,2021-04-18,7.11,5.5035,6.6028,TRUE,TRUE,TRUE,53,"GOM","2021"
"442",110,2021-04-19,7.3,5.5766,6.6802,TRUE,TRUE,TRUE,53,"GOM","2021"
"443",111,2021-04-20,7.25,5.6525,6.7583,TRUE,TRUE,TRUE,53,"GOM","2021"
"444",112,2021-04-21,7.24,5.7311,6.8411,TRUE,TRUE,TRUE,53,"GOM","2021"
"445",113,2021-04-22,7.01,5.8121,6.9303,TRUE,TRUE,TRUE,53,"GOM","2021"
"446",114,2021-04-23,6.63,5.8949,7.02,FALSE,FALSE,FALSE,NA,"GOM","2021"
"447",115,2021-04-24,6.61,5.9792,7.1104,FALSE,FALSE,FALSE,NA,"GOM","2021"
"448",116,2021-04-25,6.59,6.0649,7.2043,FALSE,FALSE,FALSE,NA,"GOM","2021"
"449",117,2021-04-26,6.54,6.152,7.3007,FALSE,FALSE,FALSE,NA,"GOM","2021"
"450",118,2021-04-27,6.82,6.24,7.3998,FALSE,FALSE,FALSE,NA,"GOM","2021"
"451",119,2021-04-28,7.14,6.3288,7.5028,FALSE,FALSE,FALSE,NA,"GOM","2021"
"452",120,2021-04-29,7.25,6.4188,7.6092,FALSE,FALSE,FALSE,NA,"GOM","2021"
"453",121,2021-04-30,7.13,6.5104,7.716,FALSE,FALSE,FALSE,NA,"GOM","2021"
"454",122,2021-05-01,7.75,6.6036,7.8213,FALSE,FALSE,FALSE,NA,"GOM","2021"
"455",123,2021-05-02,8.03,6.6979,7.9267,TRUE,FALSE,FALSE,NA,"GOM","2021"
"456",124,2021-05-03,8.09,6.7929,8.0332,TRUE,FALSE,FALSE,NA,"GOM","2021"
"457",125,2021-05-04,8.06,6.889,8.1418,FALSE,FALSE,FALSE,NA,"GOM","2021"
"458",126,2021-05-05,7.65,6.9865,8.2517,FALSE,FALSE,FALSE,NA,"GOM","2021"
"459",127,2021-05-06,7.76,7.0856,8.3595,FALSE,FALSE,FALSE,NA,"GOM","2021"
"460",128,2021-05-07,8.12,7.1864,8.4718,FALSE,FALSE,FALSE,NA,"GOM","2021"
"461",129,2021-05-08,8.25,7.2894,8.5865,FALSE,FALSE,FALSE,NA,"GOM","2021"
"462",130,2021-05-09,8.23,7.3949,8.707,FALSE,FALSE,FALSE,NA,"GOM","2021"
"463",131,2021-05-10,8.36,7.5031,8.8344,FALSE,FALSE,FALSE,NA,"GOM","2021"
"464",132,2021-05-11,8.49,7.6136,8.9684,FALSE,FALSE,FALSE,NA,"GOM","2021"
"465",133,2021-05-12,8.73,7.7258,9.1122,FALSE,FALSE,FALSE,NA,"GOM","2021"
"466",134,2021-05-13,9.18,7.8395,9.2558,FALSE,FALSE,FALSE,NA,"GOM","2021"
"467",135,2021-05-14,9.51,7.9552,9.3981,TRUE,TRUE,TRUE,54,"GOM","2021"
"468",136,2021-05-15,10.1,8.0724,9.5428,TRUE,TRUE,TRUE,54,"GOM","2021"
"469",137,2021-05-16,10.43,8.1904,9.6873,TRUE,TRUE,TRUE,54,"GOM","2021"
"470",138,2021-05-17,11,8.3086,9.8259,TRUE,TRUE,TRUE,54,"GOM","2021"
"471",139,2021-05-18,11.35,8.4271,9.9614,TRUE,TRUE,TRUE,54,"GOM","2021"
"472",140,2021-05-19,11.37,8.5461,10.0982,TRUE,TRUE,TRUE,54,"GOM","2021"
"473",141,2021-05-20,11.6,8.6663,10.2389,TRUE,TRUE,TRUE,54,"GOM","2021"
"474",142,2021-05-21,11.64,8.7874,10.3794,TRUE,TRUE,TRUE,54,"GOM","2021"
"475",143,2021-05-22,11.94,8.9095,10.5177,TRUE,TRUE,TRUE,54,"GOM","2021"
"476",144,2021-05-23,11.95,9.033,10.6497,TRUE,TRUE,TRUE,54,"GOM","2021"
"477",145,2021-05-24,11.3,9.1581,10.7838,TRUE,TRUE,TRUE,54,"GOM","2021"
"478",146,2021-05-25,11.19,9.2849,10.9193,TRUE,TRUE,TRUE,54,"GOM","2021"
"479",147,2021-05-26,11.14,9.413,11.0512,TRUE,TRUE,TRUE,54,"GOM","2021"
"480",148,2021-05-27,11.5,9.543,11.1828,TRUE,TRUE,TRUE,54,"GOM","2021"
"481",149,2021-05-28,11.49,9.6755,11.3166,TRUE,TRUE,TRUE,54,"GOM","2021"
"482",150,2021-05-29,11.07,9.8108,11.4527,FALSE,FALSE,FALSE,NA,"GOM","2021"
"483",151,2021-05-30,10.67,9.9483,11.5885,FALSE,FALSE,FALSE,NA,"GOM","2021"
"484",152,2021-05-31,10.63,10.0873,11.7275,FALSE,FALSE,FALSE,NA,"GOM","2021"
"485",153,2021-06-01,10.68,10.2275,11.8704,FALSE,FALSE,FALSE,NA,"GOM","2021"
"486",154,2021-06-02,10.95,10.369,12.0194,FALSE,FALSE,FALSE,NA,"GOM","2021"
"487",155,2021-06-03,11.03,10.5122,12.1717,FALSE,FALSE,FALSE,NA,"GOM","2021"
"488",156,2021-06-04,11.4,10.6568,12.3249,FALSE,FALSE,FALSE,NA,"GOM","2021"
"489",157,2021-06-05,11.6,10.8032,12.4766,FALSE,FALSE,FALSE,NA,"GOM","2021"
"490",158,2021-06-06,13.01,10.9517,12.6367,TRUE,TRUE,TRUE,55,"GOM","2021"
"491",159,2021-06-07,13.9,11.102,12.7937,TRUE,TRUE,TRUE,55,"GOM","2021"
"492",160,2021-06-08,14,11.2533,12.9587,TRUE,TRUE,TRUE,55,"GOM","2021"
"493",161,2021-06-09,14.33,11.4052,13.1195,TRUE,TRUE,TRUE,55,"GOM","2021"
"494",162,2021-06-10,14.64,11.5569,13.2769,TRUE,TRUE,TRUE,55,"GOM","2021"
"495",163,2021-06-11,14.45,11.7086,13.4307,TRUE,TRUE,TRUE,55,"GOM","2021"
"496",164,2021-06-12,13.83,11.8605,13.577,TRUE,TRUE,TRUE,55,"GOM","2021"
"497",165,2021-06-13,13.9,12.0131,13.7227,TRUE,TRUE,TRUE,55,"GOM","2021"
"498",166,2021-06-14,14.15,12.1665,13.8689,TRUE,TRUE,TRUE,55,"GOM","2021"
"499",167,2021-06-15,14.26,12.3206,14.0171,TRUE,TRUE,TRUE,55,"GOM","2021"
"500",168,2021-06-16,14.63,12.4758,14.169,TRUE,TRUE,TRUE,55,"GOM","2021"
"501",169,2021-06-17,14.98,12.6316,14.3235,TRUE,TRUE,TRUE,55,"GOM","2021"
"502",170,2021-06-18,15.28,12.7881,14.4777,TRUE,TRUE,TRUE,55,"GOM","2021"
"503",171,2021-06-19,15.41,12.945,14.6296,TRUE,TRUE,TRUE,55,"GOM","2021"
"504",172,2021-06-20,15.68,13.1014,14.7768,TRUE,TRUE,TRUE,55,"GOM","2021"
"505",173,2021-06-21,16.05,13.2576,14.9298,TRUE,TRUE,TRUE,55,"GOM","2021"
"506",174,2021-06-22,16.06,13.4135,15.0832,TRUE,TRUE,TRUE,55,"GOM","2021"
"507",175,2021-06-23,15.25,13.5685,15.24,TRUE,TRUE,TRUE,55,"GOM","2021"
"508",176,2021-06-24,15.3,13.722,15.3955,FALSE,FALSE,TRUE,55,"GOM","2021"
"509",177,2021-06-25,15.84,13.8739,15.5511,TRUE,TRUE,TRUE,55,"GOM","2021"
"510",178,2021-06-26,16.02,14.0246,15.7089,TRUE,TRUE,TRUE,55,"GOM","2021"
"511",179,2021-06-27,16.03,14.1737,15.8683,TRUE,TRUE,TRUE,55,"GOM","2021"
"512",180,2021-06-28,16.89,14.3209,16.0257,TRUE,TRUE,TRUE,55,"GOM","2021"
"513",181,2021-06-29,17.65,14.4661,16.1841,TRUE,TRUE,TRUE,55,"GOM","2021"
"514",182,2021-06-30,17.63,14.6094,16.3461,TRUE,TRUE,TRUE,55,"GOM","2021"
"515",183,2021-07-01,17.29,14.7512,16.5098,TRUE,TRUE,TRUE,55,"GOM","2021"
"516",184,2021-07-02,16.9,14.8909,16.6716,TRUE,TRUE,TRUE,55,"GOM","2021"
"517",185,2021-07-03,16.38,15.0281,16.8248,FALSE,FALSE,FALSE,NA,"GOM","2021"
"518",186,2021-07-04,15.92,15.1623,16.9705,FALSE,FALSE,FALSE,NA,"GOM","2021"
"519",187,2021-07-05,15.5,15.2932,17.1115,FALSE,FALSE,FALSE,NA,"GOM","2021"
"520",188,2021-07-06,15.89,15.42,17.2482,FALSE,FALSE,FALSE,NA,"GOM","2021"
"521",189,2021-07-07,16.38,15.5418,17.3747,FALSE,FALSE,FALSE,NA,"GOM","2021"
"522",190,2021-07-08,16.57,15.659,17.4973,FALSE,FALSE,FALSE,NA,"GOM","2021"
"523",191,2021-07-09,16.38,15.7721,17.6085,FALSE,FALSE,FALSE,NA,"GOM","2021"
"524",192,2021-07-10,16.11,15.8815,17.7164,FALSE,FALSE,FALSE,NA,"GOM","2021"
"525",193,2021-07-11,16.23,15.988,17.8203,FALSE,FALSE,FALSE,NA,"GOM","2021"
"526",194,2021-07-12,16.3,16.0917,17.9211,FALSE,FALSE,FALSE,NA,"GOM","2021"
"527",195,2021-07-13,16.35,16.1931,18.0207,FALSE,FALSE,FALSE,NA,"GOM","2021"
"528",196,2021-07-14,18.05,16.292,18.1204,FALSE,FALSE,FALSE,NA,"GOM","2021"
"529",197,2021-07-15,18.54,16.3884,18.2194,TRUE,FALSE,FALSE,NA,"GOM","2021"
"530",198,2021-07-16,17.77,16.4823,18.3166,FALSE,FALSE,FALSE,NA,"GOM","2021"
"531",199,2021-07-17,17.57,16.5737,18.4092,FALSE,FALSE,FALSE,NA,"GOM","2021"
"532",200,2021-07-18,17.83,16.6629,18.4989,FALSE,FALSE,FALSE,NA,"GOM","2021"
"533",201,2021-07-19,17.76,16.7494,18.587,FALSE,FALSE,FALSE,NA,"GOM","2021"
"534",202,2021-07-20,17.89,16.8329,18.6738,FALSE,FALSE,FALSE,NA,"GOM","2021"
"535",203,2021-07-21,18.19,16.9129,18.7592,FALSE,FALSE,FALSE,NA,"GOM","2021"
"536",204,2021-07-22,18.14,16.9895,18.8362,FALSE,FALSE,FALSE,NA,"GOM","2021"
"537",205,2021-07-23,18.01,17.0623,18.9108,FALSE,FALSE,FALSE,NA,"GOM","2021"
"538",206,2021-07-24,18.2,17.1316,18.9837,FALSE,FALSE,FALSE,NA,"GOM","2021"
"539",207,2021-07-25,18.27,17.1977,19.0533,FALSE,FALSE,FALSE,NA,"GOM","2021"
"540",208,2021-07-26,18.29,17.2606,19.1189,FALSE,FALSE,FALSE,NA,"GOM","2021"
"541",209,2021-07-27,18.49,17.3206,19.1833,FALSE,FALSE,FALSE,NA,"GOM","2021"
"542",210,2021-07-28,18.44,17.378,19.2452,FALSE,FALSE,FALSE,NA,"GOM","2021"
"543",211,2021-07-29,18.3,17.4324,19.3055,FALSE,FALSE,FALSE,NA,"GOM","2021"
"544",212,2021-07-30,17.76,17.4835,19.3601,FALSE,FALSE,FALSE,NA,"GOM","2021"
"545",213,2021-07-31,17.23,17.531,19.4091,FALSE,FALSE,FALSE,NA,"GOM","2021"
"546",214,2021-08-01,17.45,17.5749,19.4514,FALSE,FALSE,FALSE,NA,"GOM","2021"
"547",215,2021-08-02,17.82,17.6154,19.4888,FALSE,FALSE,FALSE,NA,"GOM","2021"
"548",216,2021-08-03,18.12,17.6525,19.5249,FALSE,FALSE,FALSE,NA,"GOM","2021"
"549",217,2021-08-04,18.21,17.6863,19.5579,FALSE,FALSE,FALSE,NA,"GOM","2021"
"550",218,2021-08-05,17.94,17.7167,19.5875,FALSE,FALSE,FALSE,NA,"GOM","2021"
"551",219,2021-08-06,18.14,17.7443,19.615,FALSE,FALSE,FALSE,NA,"GOM","2021"
"552",220,2021-08-07,18.63,17.7692,19.6379,FALSE,FALSE,FALSE,NA,"GOM","2021"
"553",221,2021-08-08,18.77,17.7912,19.6598,FALSE,FALSE,FALSE,NA,"GOM","2021"
"554",222,2021-08-09,18.82,17.8103,19.6795,FALSE,FALSE,FALSE,NA,"GOM","2021"
"555",223,2021-08-10,18.79,17.8262,19.6975,FALSE,FALSE,FALSE,NA,"GOM","2021"
"556",224,2021-08-11,18.99,17.8387,19.7136,FALSE,FALSE,FALSE,NA,"GOM","2021"
"557",225,2021-08-12,20.14,17.8473,19.7275,TRUE,TRUE,TRUE,56,"GOM","2021"
"558",226,2021-08-13,20.53,17.8514,19.7362,TRUE,TRUE,TRUE,56,"GOM","2021"
"559",227,2021-08-14,20.55,17.851,19.7392,TRUE,TRUE,TRUE,56,"GOM","2021"
"560",228,2021-08-15,20.46,17.8463,19.7382,TRUE,TRUE,TRUE,56,"GOM","2021"
"561",229,2021-08-16,19.81,17.8372,19.7325,TRUE,TRUE,TRUE,56,"GOM","2021"
"562",230,2021-08-17,19.63,17.8235,19.7254,FALSE,FALSE,FALSE,NA,"GOM","2021"
"563",231,2021-08-18,19.49,17.8053,19.7148,FALSE,FALSE,FALSE,NA,"GOM","2021"
"564",232,2021-08-19,19.04,17.7832,19.7025,FALSE,FALSE,FALSE,NA,"GOM","2021"
"565",233,2021-08-20,19.29,17.7578,19.6851,FALSE,FALSE,FALSE,NA,"GOM","2021"
"566",234,2021-08-21,19.56,17.7291,19.6651,FALSE,FALSE,FALSE,NA,"GOM","2021"
"567",235,2021-08-22,19.76,17.6972,19.642,TRUE,FALSE,FALSE,NA,"GOM","2021"
"568",236,2021-08-23,19.51,17.6623,19.6163,FALSE,FALSE,FALSE,NA,"GOM","2021"
"569",237,2021-08-24,19.37,17.6249,19.5869,FALSE,FALSE,FALSE,NA,"GOM","2021"
"570",238,2021-08-25,19.6,17.5854,19.5516,TRUE,FALSE,FALSE,NA,"GOM","2021"
"571",239,2021-08-26,19.9,17.5437,19.514,TRUE,FALSE,FALSE,NA,"GOM","2021"
"572",240,2021-08-27,20.22,17.4995,19.4715,TRUE,FALSE,FALSE,NA,"GOM","2021"
"573",241,2021-08-28,20.01,17.4524,19.426,TRUE,FALSE,FALSE,NA,"GOM","2021"
"574",242,2021-08-29,19.15,17.4024,19.376,FALSE,FALSE,FALSE,NA,"GOM","2021"
"575",243,2021-08-30,18.85,17.349,19.322,FALSE,FALSE,FALSE,NA,"GOM","2021"
"576",244,2021-08-31,19.05,17.2924,19.2607,FALSE,FALSE,FALSE,NA,"GOM","2021"
"577",245,2021-09-01,19.1,17.2331,19.1959,FALSE,FALSE,FALSE,NA,"GOM","2021"
"578",246,2021-09-02,18.3,17.1717,19.1283,FALSE,FALSE,FALSE,NA,"GOM","2021"
"579",247,2021-09-03,17.28,17.1088,19.0553,FALSE,FALSE,FALSE,NA,"GOM","2021"
"580",248,2021-09-04,17.15,17.0445,18.9794,FALSE,FALSE,FALSE,NA,"GOM","2021"
"581",249,2021-09-05,17.07,16.9788,18.9025,FALSE,FALSE,FALSE,NA,"GOM","2021"
"582",250,2021-09-06,17.29,16.9113,18.8246,FALSE,FALSE,FALSE,NA,"GOM","2021"
"583",251,2021-09-07,17.55,16.8423,18.746,FALSE,FALSE,FALSE,NA,"GOM","2021"
"584",252,2021-09-08,17.74,16.7722,18.6645,FALSE,FALSE,FALSE,NA,"GOM","2021"
"585",253,2021-09-09,17.8,16.701,18.5799,FALSE,FALSE,FALSE,NA,"GOM","2021"
"586",254,2021-09-10,17.75,16.6284,18.4939,FALSE,FALSE,FALSE,NA,"GOM","2021"
"587",255,2021-09-11,17.61,16.5544,18.4075,FALSE,FALSE,FALSE,NA,"GOM","2021"
"588",256,2021-09-12,17.54,16.4791,18.3191,FALSE,FALSE,FALSE,NA,"GOM","2021"
"589",257,2021-09-13,17.45,16.4024,18.2303,FALSE,FALSE,FALSE,NA,"GOM","2021"
"590",258,2021-09-14,17.49,16.3239,18.1415,FALSE,FALSE,FALSE,NA,"GOM","2021"
"591",259,2021-09-15,17.59,16.2433,18.0512,FALSE,FALSE,FALSE,NA,"GOM","2021"
"592",260,2021-09-16,17.63,16.1611,17.9573,FALSE,FALSE,FALSE,NA,"GOM","2021"
"593",261,2021-09-17,17.63,16.0773,17.8595,FALSE,FALSE,FALSE,NA,"GOM","2021"
"594",262,2021-09-18,17.61,15.9919,17.7585,FALSE,FALSE,FALSE,NA,"GOM","2021"
"595",263,2021-09-19,17.57,15.9046,17.6559,FALSE,FALSE,FALSE,NA,"GOM","2021"
"596",264,2021-09-20,17.67,15.8155,17.5522,TRUE,TRUE,TRUE,57,"GOM","2021"
"597",265,2021-09-21,17.62,15.7251,17.4467,TRUE,TRUE,TRUE,57,"GOM","2021"
"598",266,2021-09-22,17.58,15.6337,17.3411,TRUE,TRUE,TRUE,57,"GOM","2021"
"599",267,2021-09-23,17.69,15.5412,17.2348,TRUE,TRUE,TRUE,57,"GOM","2021"
"600",268,2021-09-24,17.86,15.4474,17.1284,TRUE,TRUE,TRUE,57,"GOM","2021"
"601",269,2021-09-25,18.1,15.3523,17.0244,TRUE,TRUE,TRUE,57,"GOM","2021"
"602",270,2021-09-26,18.02,15.2555,16.9175,TRUE,TRUE,TRUE,57,"GOM","2021"
"603",271,2021-09-27,17.84,15.1569,16.8053,TRUE,TRUE,TRUE,57,"GOM","2021"
"604",272,2021-09-28,17.78,15.0567,16.6892,TRUE,TRUE,TRUE,57,"GOM","2021"
"605",273,2021-09-29,17.42,14.9554,16.572,TRUE,TRUE,TRUE,57,"GOM","2021"
"606",274,2021-09-30,16.84,14.8533,16.454,TRUE,TRUE,TRUE,57,"GOM","2021"
"607",275,2021-10-01,16.63,14.7508,16.3395,TRUE,TRUE,TRUE,57,"GOM","2021"
"608",276,2021-10-02,16.47,14.6474,16.2256,TRUE,TRUE,TRUE,57,"GOM","2021"
"609",277,2021-10-03,16.36,14.5428,16.1139,TRUE,TRUE,TRUE,57,"GOM","2021"
"610",278,2021-10-04,16.28,14.437,16.0045,TRUE,TRUE,TRUE,57,"GOM","2021"
"611",279,2021-10-05,16.18,14.3303,15.8923,TRUE,TRUE,TRUE,57,"GOM","2021"
"612",280,2021-10-06,16.3,14.2231,15.7789,TRUE,TRUE,TRUE,57,"GOM","2021"
"613",281,2021-10-07,16.48,14.1156,15.6647,TRUE,TRUE,TRUE,57,"GOM","2021"
"614",282,2021-10-08,16.47,14.0074,15.5508,TRUE,TRUE,TRUE,57,"GOM","2021"
"615",283,2021-10-09,16.24,13.8984,15.4384,TRUE,TRUE,TRUE,57,"GOM","2021"
"616",284,2021-10-10,15.91,13.7883,15.3287,TRUE,TRUE,TRUE,57,"GOM","2021"
"617",285,2021-10-11,15.9,13.6776,15.218,TRUE,TRUE,TRUE,57,"GOM","2021"
"618",286,2021-10-12,16.05,13.5664,15.1051,TRUE,TRUE,TRUE,57,"GOM","2021"
"619",287,2021-10-13,16.13,13.455,14.9905,TRUE,TRUE,TRUE,57,"GOM","2021"
"620",288,2021-10-14,16.27,13.3437,14.8737,TRUE,TRUE,TRUE,57,"GOM","2021"
"621",289,2021-10-15,16.26,13.2324,14.757,TRUE,TRUE,TRUE,57,"GOM","2021"
"622",290,2021-10-16,16.11,13.1212,14.6367,TRUE,TRUE,TRUE,57,"GOM","2021"
"623",291,2021-10-17,15.73,13.0101,14.5195,TRUE,TRUE,TRUE,57,"GOM","2021"
"624",292,2021-10-18,15.62,12.8995,14.4022,TRUE,TRUE,TRUE,57,"GOM","2021"
"625",293,2021-10-19,15.16,12.7897,14.2867,TRUE,TRUE,TRUE,57,"GOM","2021"
"626",294,2021-10-20,14.74,12.681,14.1691,TRUE,TRUE,TRUE,57,"GOM","2021"
"627",295,2021-10-21,14.66,12.5734,14.0553,TRUE,TRUE,TRUE,57,"GOM","2021"
"628",296,2021-10-22,14.77,12.4664,13.9439,TRUE,TRUE,TRUE,57,"GOM","2021"
"629",297,2021-10-23,14.64,12.3602,13.832,TRUE,TRUE,TRUE,57,"GOM","2021"
"630",298,2021-10-24,14.45,12.2549,13.7216,TRUE,TRUE,TRUE,57,"GOM","2021"
"631",299,2021-10-25,14.32,12.1506,13.609,TRUE,TRUE,TRUE,57,"GOM","2021"
"632",300,2021-10-26,14.15,12.0475,13.4975,TRUE,TRUE,TRUE,57,"GOM","2021"
"633",301,2021-10-27,13.67,11.946,13.3894,TRUE,TRUE,TRUE,57,"GOM","2021"
"634",302,2021-10-28,13.41,11.8457,13.2849,TRUE,TRUE,TRUE,57,"GOM","2021"
"635",303,2021-10-29,13.4,11.7466,13.1801,TRUE,TRUE,TRUE,57,"GOM","2021"
"636",304,2021-10-30,13.37,11.6485,13.074,TRUE,TRUE,TRUE,57,"GOM","2021"
"637",305,2021-10-31,13.24,11.5519,12.9688,TRUE,TRUE,TRUE,57,"GOM","2021"
"638",306,2021-11-01,13.23,11.4567,12.8642,TRUE,TRUE,TRUE,57,"GOM","2021"
"639",307,2021-11-02,13.15,11.3631,12.76,TRUE,TRUE,TRUE,57,"GOM","2021"
"640",308,2021-11-03,12.99,11.2708,12.6536,TRUE,TRUE,TRUE,57,"GOM","2021"
"641",309,2021-11-04,12.84,11.1797,12.5494,TRUE,TRUE,TRUE,57,"GOM","2021"
"642",310,2021-11-05,12.71,11.0898,12.4497,TRUE,TRUE,TRUE,57,"GOM","2021"
"643",311,2021-11-06,12.61,11.0008,12.3512,TRUE,TRUE,TRUE,57,"GOM","2021"
"644",312,2021-11-07,12.53,10.9126,12.2522,TRUE,TRUE,TRUE,57,"GOM","2021"
"645",313,2021-11-08,12.5,10.8255,12.1545,TRUE,TRUE,TRUE,57,"GOM","2021"
"646",314,2021-11-09,12.5,10.7396,12.0566,TRUE,TRUE,TRUE,57,"GOM","2021"
"647",315,2021-11-10,12.3,10.6551,11.959,TRUE,TRUE,TRUE,57,"GOM","2021"
"648",316,2021-11-11,12.12,10.5719,11.8625,TRUE,TRUE,TRUE,57,"GOM","2021"
"649",317,2021-11-12,12.08,10.4898,11.7689,TRUE,TRUE,TRUE,57,"GOM","2021"
"650",318,2021-11-13,12.09,10.4093,11.677,TRUE,TRUE,TRUE,57,"GOM","2021"
"651",319,2021-11-14,12.03,10.3302,11.587,TRUE,TRUE,TRUE,57,"GOM","2021"
"652",320,2021-11-15,11.89,10.2526,11.4958,TRUE,TRUE,TRUE,57,"GOM","2021"
"653",321,2021-11-16,11.72,10.1764,11.4099,TRUE,TRUE,TRUE,57,"GOM","2021"
"654",322,2021-11-17,11.39,10.1016,11.3231,TRUE,TRUE,TRUE,57,"GOM","2021"
"655",323,2021-11-18,11.39,10.028,11.2389,TRUE,TRUE,TRUE,57,"GOM","2021"
"656",324,2021-11-19,11.51,9.9552,11.1561,TRUE,TRUE,TRUE,57,"GOM","2021"
"657",325,2021-11-20,11.28,9.8831,11.0757,TRUE,TRUE,TRUE,57,"GOM","2021"
"658",326,2021-11-21,11.2,9.8117,10.996,TRUE,TRUE,TRUE,57,"GOM","2021"
"659",327,2021-11-22,11.5,9.7411,10.9166,TRUE,TRUE,TRUE,57,"GOM","2021"
"660",328,2021-11-23,11.02,9.6711,10.8395,TRUE,TRUE,TRUE,57,"GOM","2021"
"661",329,2021-11-24,10.76,9.6015,10.7612,FALSE,FALSE,FALSE,NA,"GOM","2021"
"662",330,2021-11-25,10.81,9.532,10.6841,TRUE,FALSE,FALSE,NA,"GOM","2021"
"663",331,2021-11-26,10.65,9.4629,10.6079,TRUE,FALSE,FALSE,NA,"GOM","2021"
"664",332,2021-11-27,10.6,9.3942,10.5324,TRUE,FALSE,FALSE,NA,"GOM","2021"
"665",333,2021-11-28,10.31,9.3259,10.4579,FALSE,FALSE,FALSE,NA,"GOM","2021"
"666",334,2021-11-29,10.43,9.2584,10.3869,TRUE,FALSE,FALSE,NA,"GOM","2021"
"667",1,2021-01-01,10.55,10.0696,11.6835,FALSE,FALSE,FALSE,NA,"MAB","2021"
"668",2,2021-01-02,10.4,9.9838,11.595,FALSE,FALSE,FALSE,NA,"MAB","2021"
"669",3,2021-01-03,10.43,9.898,11.5059,FALSE,FALSE,FALSE,NA,"MAB","2021"
"670",4,2021-01-04,10.38,9.8126,11.4183,FALSE,FALSE,FALSE,NA,"MAB","2021"
"671",5,2021-01-05,10.02,9.7274,11.3306,FALSE,FALSE,FALSE,NA,"MAB","2021"
"672",6,2021-01-06,9.79,9.6426,11.241,FALSE,FALSE,FALSE,NA,"MAB","2021"
"673",7,2021-01-07,9.73,9.5581,11.1561,FALSE,FALSE,FALSE,NA,"MAB","2021"
"674",8,2021-01-08,9.75,9.4739,11.0713,FALSE,FALSE,FALSE,NA,"MAB","2021"
"675",9,2021-01-09,9.69,9.3898,10.9906,FALSE,FALSE,FALSE,NA,"MAB","2021"
"676",10,2021-01-10,9.57,9.3058,10.9148,FALSE,FALSE,FALSE,NA,"MAB","2021"
"677",11,2021-01-11,9.52,9.2217,10.8381,FALSE,FALSE,FALSE,NA,"MAB","2021"
"678",12,2021-01-12,9.37,9.1375,10.7591,FALSE,FALSE,FALSE,NA,"MAB","2021"
"679",13,2021-01-13,9.32,9.0534,10.6791,FALSE,FALSE,FALSE,NA,"MAB","2021"
"680",14,2021-01-14,9.35,8.9699,10.5979,FALSE,FALSE,FALSE,NA,"MAB","2021"
"681",15,2021-01-15,9.29,8.8873,10.5188,FALSE,FALSE,FALSE,NA,"MAB","2021"
"682",16,2021-01-16,9.34,8.8056,10.4391,FALSE,FALSE,FALSE,NA,"MAB","2021"
"683",17,2021-01-17,9.25,8.7247,10.3579,FALSE,FALSE,FALSE,NA,"MAB","2021"
"684",18,2021-01-18,9.21,8.645,10.2769,FALSE,FALSE,FALSE,NA,"MAB","2021"
"685",19,2021-01-19,9.28,8.5666,10.1978,FALSE,FALSE,FALSE,NA,"MAB","2021"
"686",20,2021-01-20,9.34,8.4896,10.1191,FALSE,FALSE,FALSE,NA,"MAB","2021"
"687",21,2021-01-21,9.2,8.414,10.0441,FALSE,FALSE,FALSE,NA,"MAB","2021"
"688",22,2021-01-22,9.1,8.3398,9.9691,FALSE,FALSE,FALSE,NA,"MAB","2021"
"689",23,2021-01-23,9.14,8.2669,9.8935,FALSE,FALSE,FALSE,NA,"MAB","2021"
"690",24,2021-01-24,9.06,8.1951,9.8174,FALSE,FALSE,FALSE,NA,"MAB","2021"
"691",25,2021-01-25,9.03,8.1243,9.7388,FALSE,FALSE,FALSE,NA,"MAB","2021"
"692",26,2021-01-26,8.65,8.0545,9.6595,FALSE,FALSE,FALSE,NA,"MAB","2021"
"693",27,2021-01-27,8.48,7.9858,9.5798,FALSE,FALSE,FALSE,NA,"MAB","2021"
"694",28,2021-01-28,8.54,7.9185,9.5008,FALSE,FALSE,FALSE,NA,"MAB","2021"
"695",29,2021-01-29,8.44,7.8524,9.4224,FALSE,FALSE,FALSE,NA,"MAB","2021"
"696",30,2021-01-30,8.34,7.7877,9.3455,FALSE,FALSE,FALSE,NA,"MAB","2021"
"697",31,2021-01-31,8.27,7.7247,9.2746,FALSE,FALSE,FALSE,NA,"MAB","2021"
"698",32,2021-02-01,8.34,7.6634,9.2049,FALSE,FALSE,FALSE,NA,"MAB","2021"
"699",33,2021-02-02,8.23,7.6041,9.1362,FALSE,FALSE,FALSE,NA,"MAB","2021"
"700",34,2021-02-03,8.1,7.547,9.0675,FALSE,FALSE,FALSE,NA,"MAB","2021"
"701",35,2021-02-04,7.99,7.4925,8.9988,FALSE,FALSE,FALSE,NA,"MAB","2021"
"702",36,2021-02-05,7.77,7.4407,8.9294,FALSE,FALSE,FALSE,NA,"MAB","2021"
"703",37,2021-02-06,7.69,7.3913,8.8664,FALSE,FALSE,FALSE,NA,"MAB","2021"
"704",38,2021-02-07,7.67,7.3441,8.8047,FALSE,FALSE,FALSE,NA,"MAB","2021"
"705",39,2021-02-08,7.23,7.2992,8.7453,FALSE,FALSE,FALSE,NA,"MAB","2021"
"706",40,2021-02-09,7.09,7.2568,8.6869,FALSE,FALSE,FALSE,NA,"MAB","2021"
"707",41,2021-02-10,7.12,7.217,8.6295,FALSE,FALSE,FALSE,NA,"MAB","2021"
"708",42,2021-02-11,7.25,7.1796,8.5756,FALSE,FALSE,FALSE,NA,"MAB","2021"
"709",43,2021-02-12,7.23,7.1446,8.525,FALSE,FALSE,FALSE,NA,"MAB","2021"
"710",44,2021-02-13,7.18,7.1115,8.4776,FALSE,FALSE,FALSE,NA,"MAB","2021"
"711",45,2021-02-14,7.12,7.0801,8.4339,FALSE,FALSE,FALSE,NA,"MAB","2021"
"712",46,2021-02-15,7.08,7.0498,8.3913,FALSE,FALSE,FALSE,NA,"MAB","2021"
"713",47,2021-02-16,7.25,7.0209,8.3507,FALSE,FALSE,FALSE,NA,"MAB","2021"
"714",48,2021-02-17,7.23,6.9939,8.3141,FALSE,FALSE,FALSE,NA,"MAB","2021"
"715",49,2021-02-18,7.22,6.9689,8.2806,FALSE,FALSE,FALSE,NA,"MAB","2021"
"716",50,2021-02-19,7.39,6.9457,8.253,FALSE,FALSE,FALSE,NA,"MAB","2021"
"717",51,2021-02-20,7.22,6.9241,8.2286,FALSE,FALSE,FALSE,NA,"MAB","2021"
"718",52,2021-02-21,6.96,6.9038,8.2073,FALSE,FALSE,FALSE,NA,"MAB","2021"
"719",53,2021-02-22,6.91,6.885,8.1892,FALSE,FALSE,FALSE,NA,"MAB","2021"
"720",54,2021-02-23,7.12,6.868,8.1725,FALSE,FALSE,FALSE,NA,"MAB","2021"
"721",55,2021-02-24,7.22,6.853,8.1605,FALSE,FALSE,FALSE,NA,"MAB","2021"
"722",56,2021-02-25,7.14,6.8402,8.1521,FALSE,FALSE,FALSE,NA,"MAB","2021"
"723",57,2021-02-26,7.04,6.8296,8.1475,FALSE,FALSE,FALSE,NA,"MAB","2021"
"724",58,2021-02-27,7.07,6.8208,8.1462,FALSE,FALSE,FALSE,NA,"MAB","2021"
"725",59,2021-02-28,7.36,6.8136,8.1466,FALSE,FALSE,FALSE,NA,"MAB","2021"
"726",61,2021-03-01,7.31,6.8043,8.1612,FALSE,FALSE,FALSE,NA,"MAB","2021"
"727",62,2021-03-02,7.33,6.8021,8.1716,FALSE,FALSE,FALSE,NA,"MAB","2021"
"728",63,2021-03-03,7.54,6.8013,8.1842,FALSE,FALSE,FALSE,NA,"MAB","2021"
"729",64,2021-03-04,7.64,6.8017,8.1971,FALSE,FALSE,FALSE,NA,"MAB","2021"
"730",65,2021-03-05,7.47,6.8033,8.2117,FALSE,FALSE,FALSE,NA,"MAB","2021"
"731",66,2021-03-06,7.2,6.8056,8.2279,FALSE,FALSE,FALSE,NA,"MAB","2021"
"732",67,2021-03-07,6.93,6.8086,8.2466,FALSE,FALSE,FALSE,NA,"MAB","2021"
"733",68,2021-03-08,6.98,6.813,8.2663,FALSE,FALSE,FALSE,NA,"MAB","2021"
"734",69,2021-03-09,7.07,6.8191,8.2869,FALSE,FALSE,FALSE,NA,"MAB","2021"
"735",70,2021-03-10,7.34,6.827,8.3079,FALSE,FALSE,FALSE,NA,"MAB","2021"
"736",71,2021-03-11,7.7,6.8363,8.3295,FALSE,FALSE,FALSE,NA,"MAB","2021"
"737",72,2021-03-12,8.13,6.8471,8.3515,FALSE,FALSE,FALSE,NA,"MAB","2021"
"738",73,2021-03-13,7.97,6.8599,8.3766,FALSE,FALSE,FALSE,NA,"MAB","2021"
"739",74,2021-03-14,8.09,6.8749,8.4018,FALSE,FALSE,FALSE,NA,"MAB","2021"
"740",75,2021-03-15,8.12,6.8923,8.4271,FALSE,FALSE,FALSE,NA,"MAB","2021"
"741",76,2021-03-16,7.99,6.9126,8.4565,FALSE,FALSE,FALSE,NA,"MAB","2021"
"742",77,2021-03-17,8.03,6.9359,8.4872,FALSE,FALSE,FALSE,NA,"MAB","2021"
"743",78,2021-03-18,8.16,6.9623,8.5197,FALSE,FALSE,FALSE,NA,"MAB","2021"
"744",79,2021-03-19,7.83,6.9913,8.5536,FALSE,FALSE,FALSE,NA,"MAB","2021"
"745",80,2021-03-20,7.71,7.0225,8.5887,FALSE,FALSE,FALSE,NA,"MAB","2021"
"746",81,2021-03-21,7.67,7.0561,8.6218,FALSE,FALSE,FALSE,NA,"MAB","2021"
"747",82,2021-03-22,7.85,7.0922,8.6539,FALSE,FALSE,FALSE,NA,"MAB","2021"
"748",83,2021-03-23,8.01,7.131,8.6877,FALSE,FALSE,FALSE,NA,"MAB","2021"
"749",84,2021-03-24,8.18,7.1726,8.7233,FALSE,FALSE,FALSE,NA,"MAB","2021"
"750",85,2021-03-25,8.57,7.217,8.7636,FALSE,FALSE,FALSE,NA,"MAB","2021"
"751",86,2021-03-26,8.69,7.264,8.8036,FALSE,FALSE,FALSE,NA,"MAB","2021"
"752",87,2021-03-27,8.63,7.3137,8.8439,FALSE,FALSE,FALSE,NA,"MAB","2021"
"753",88,2021-03-28,8.64,7.3665,8.8885,FALSE,FALSE,FALSE,NA,"MAB","2021"
"754",89,2021-03-29,8.64,7.4227,8.9372,FALSE,FALSE,FALSE,NA,"MAB","2021"
"755",90,2021-03-30,8.88,7.4825,8.9898,FALSE,FALSE,FALSE,NA,"MAB","2021"
"756",91,2021-03-31,9.31,7.546,9.0477,TRUE,FALSE,FALSE,NA,"MAB","2021"
"757",92,2021-04-01,9.45,7.6133,9.1086,TRUE,FALSE,FALSE,NA,"MAB","2021"
"758",93,2021-04-02,8.87,7.6845,9.1738,FALSE,FALSE,FALSE,NA,"MAB","2021"
"759",94,2021-04-03,8.63,7.7592,9.2431,FALSE,FALSE,FALSE,NA,"MAB","2021"
"760",95,2021-04-04,8.58,7.8372,9.3157,FALSE,FALSE,FALSE,NA,"MAB","2021"
"761",96,2021-04-05,8.73,7.9185,9.3921,FALSE,FALSE,FALSE,NA,"MAB","2021"
"762",97,2021-04-06,8.82,8.0035,9.4721,FALSE,FALSE,FALSE,NA,"MAB","2021"
"763",98,2021-04-07,9.21,8.0919,9.5564,FALSE,FALSE,FALSE,NA,"MAB","2021"
"764",99,2021-04-08,9.55,8.1832,9.6435,FALSE,FALSE,FALSE,NA,"MAB","2021"
"765",100,2021-04-09,9.76,8.2768,9.7332,TRUE,FALSE,FALSE,NA,"MAB","2021"
"766",101,2021-04-10,10.16,8.3724,9.8238,TRUE,FALSE,FALSE,NA,"MAB","2021"
"767",102,2021-04-11,10.25,8.4705,9.9152,TRUE,FALSE,FALSE,NA,"MAB","2021"
"768",103,2021-04-12,10.12,8.5712,10.0094,TRUE,FALSE,FALSE,NA,"MAB","2021"
"769",104,2021-04-13,9.47,8.6745,10.1077,FALSE,FALSE,FALSE,NA,"MAB","2021"
"770",105,2021-04-14,9.4,8.7808,10.2093,FALSE,FALSE,FALSE,NA,"MAB","2021"
"771",106,2021-04-15,9.25,8.8899,10.3137,FALSE,FALSE,FALSE,NA,"MAB","2021"
"772",107,2021-04-16,9.23,9.0015,10.4166,FALSE,FALSE,FALSE,NA,"MAB","2021"
"773",108,2021-04-17,9.29,9.1154,10.523,FALSE,FALSE,FALSE,NA,"MAB","2021"
"774",109,2021-04-18,9.87,9.2317,10.6331,FALSE,FALSE,FALSE,NA,"MAB","2021"
"775",110,2021-04-19,10.08,9.3504,10.7475,FALSE,FALSE,FALSE,NA,"MAB","2021"
"776",111,2021-04-20,10.12,9.4722,10.8697,FALSE,FALSE,FALSE,NA,"MAB","2021"
"777",112,2021-04-21,10.4,9.5971,10.9955,FALSE,FALSE,FALSE,NA,"MAB","2021"
"778",113,2021-04-22,9.95,9.7245,11.1267,FALSE,FALSE,FALSE,NA,"MAB","2021"
"779",114,2021-04-23,9.1,9.8538,11.2613,FALSE,FALSE,FALSE,NA,"MAB","2021"
"780",115,2021-04-24,9.24,9.9845,11.399,FALSE,FALSE,FALSE,NA,"MAB","2021"
"781",116,2021-04-25,9.64,10.1164,11.5392,FALSE,FALSE,FALSE,NA,"MAB","2021"
"782",117,2021-04-26,9.82,10.2498,11.6847,FALSE,FALSE,FALSE,NA,"MAB","2021"
"783",118,2021-04-27,10.03,10.3843,11.8338,FALSE,FALSE,FALSE,NA,"MAB","2021"
"784",119,2021-04-28,10.3,10.5198,11.9835,FALSE,FALSE,FALSE,NA,"MAB","2021"
"785",120,2021-04-29,10.8,10.6554,12.1333,FALSE,FALSE,FALSE,NA,"MAB","2021"
"786",121,2021-04-30,10.73,10.791,12.2838,FALSE,FALSE,FALSE,NA,"MAB","2021"
"787",122,2021-05-01,10.7,10.9263,12.4284,FALSE,FALSE,FALSE,NA,"MAB","2021"
"788",123,2021-05-02,10.92,11.0614,12.5726,FALSE,FALSE,FALSE,NA,"MAB","2021"
"789",124,2021-05-03,11.73,11.1967,12.7168,FALSE,FALSE,FALSE,NA,"MAB","2021"
"790",125,2021-05-04,12.02,11.3333,12.8617,FALSE,FALSE,FALSE,NA,"MAB","2021"
"791",126,2021-05-05,12,11.4715,13.0108,FALSE,FALSE,FALSE,NA,"MAB","2021"
"792",127,2021-05-06,12.29,11.6113,13.1621,FALSE,FALSE,FALSE,NA,"MAB","2021"
"793",128,2021-05-07,12.32,11.7527,13.3143,FALSE,FALSE,FALSE,NA,"MAB","2021"
"794",129,2021-05-08,12.18,11.8962,13.4709,FALSE,FALSE,FALSE,NA,"MAB","2021"
"795",130,2021-05-09,12.3,12.0423,13.6307,FALSE,FALSE,FALSE,NA,"MAB","2021"
"796",131,2021-05-10,12.41,12.1918,13.7982,FALSE,FALSE,FALSE,NA,"MAB","2021"
"797",132,2021-05-11,12.59,12.3456,13.9768,FALSE,FALSE,FALSE,NA,"MAB","2021"
"798",133,2021-05-12,12.54,12.5038,14.1704,FALSE,FALSE,FALSE,NA,"MAB","2021"
"799",134,2021-05-13,12.61,12.6656,14.3718,FALSE,FALSE,FALSE,NA,"MAB","2021"
"800",135,2021-05-14,13.01,12.8299,14.5728,FALSE,FALSE,FALSE,NA,"MAB","2021"
"801",136,2021-05-15,13.57,12.9955,14.7738,FALSE,FALSE,FALSE,NA,"MAB","2021"
"802",137,2021-05-16,14.23,13.1623,14.9759,FALSE,FALSE,FALSE,NA,"MAB","2021"
"803",138,2021-05-17,14.79,13.3301,15.1762,FALSE,FALSE,FALSE,NA,"MAB","2021"
"804",139,2021-05-18,15.16,13.4986,15.3726,FALSE,FALSE,FALSE,NA,"MAB","2021"
"805",140,2021-05-19,15.45,13.6675,15.5645,FALSE,FALSE,FALSE,NA,"MAB","2021"
"806",141,2021-05-20,15.71,13.837,15.7546,FALSE,FALSE,FALSE,NA,"MAB","2021"
"807",142,2021-05-21,15.81,14.0064,15.9366,FALSE,FALSE,FALSE,NA,"MAB","2021"
"808",143,2021-05-22,15.97,14.1751,16.1147,FALSE,FALSE,FALSE,NA,"MAB","2021"
"809",144,2021-05-23,16.23,14.3432,16.2886,FALSE,FALSE,FALSE,NA,"MAB","2021"
"810",145,2021-05-24,16.07,14.5113,16.4623,FALSE,FALSE,FALSE,NA,"MAB","2021"
"811",146,2021-05-25,15.96,14.6803,16.64,FALSE,FALSE,FALSE,NA,"MAB","2021"
"812",147,2021-05-26,16.4,14.8503,16.815,FALSE,FALSE,FALSE,NA,"MAB","2021"
"813",148,2021-05-27,16.77,15.0213,16.9861,FALSE,FALSE,FALSE,NA,"MAB","2021"
"814",149,2021-05-28,16.93,15.1935,17.1613,FALSE,FALSE,FALSE,NA,"MAB","2021"
"815",150,2021-05-29,16.62,15.3671,17.3386,FALSE,FALSE,FALSE,NA,"MAB","2021"
"816",151,2021-05-30,15.56,15.5429,17.5137,FALSE,FALSE,FALSE,NA,"MAB","2021"
"817",152,2021-05-31,15.3,15.7207,17.6888,FALSE,FALSE,FALSE,NA,"MAB","2021"
"818",153,2021-06-01,15.46,15.9006,17.8675,FALSE,FALSE,FALSE,NA,"MAB","2021"
"819",154,2021-06-02,15.39,16.0825,18.0459,FALSE,FALSE,FALSE,NA,"MAB","2021"
"820",155,2021-06-03,15.58,16.2658,18.2257,FALSE,FALSE,FALSE,NA,"MAB","2021"
"821",156,2021-06-04,15.78,16.4503,18.4061,FALSE,FALSE,FALSE,NA,"MAB","2021"
"822",157,2021-06-05,16.3,16.6361,18.5866,FALSE,FALSE,FALSE,NA,"MAB","2021"
"823",158,2021-06-06,18.05,16.8233,18.7686,FALSE,FALSE,FALSE,NA,"MAB","2021"
"824",159,2021-06-07,18.64,17.0116,18.9552,FALSE,FALSE,FALSE,NA,"MAB","2021"
"825",160,2021-06-08,18.71,17.2006,19.1373,FALSE,FALSE,FALSE,NA,"MAB","2021"
"826",161,2021-06-09,19.02,17.3896,19.3173,FALSE,FALSE,FALSE,NA,"MAB","2021"
"827",162,2021-06-10,19.56,17.5775,19.4923,TRUE,FALSE,FALSE,NA,"MAB","2021"
"828",163,2021-06-11,19.42,17.7638,19.6589,FALSE,FALSE,FALSE,NA,"MAB","2021"
"829",164,2021-06-12,18.9,17.948,19.8156,FALSE,FALSE,FALSE,NA,"MAB","2021"
"830",165,2021-06-13,18.85,18.1303,19.9655,FALSE,FALSE,FALSE,NA,"MAB","2021"
"831",166,2021-06-14,19.36,18.3118,20.1153,FALSE,FALSE,FALSE,NA,"MAB","2021"
"832",167,2021-06-15,19.89,18.4926,20.2685,FALSE,FALSE,FALSE,NA,"MAB","2021"
"833",168,2021-06-16,20.09,18.6729,20.4224,FALSE,FALSE,FALSE,NA,"MAB","2021"
"834",169,2021-06-17,20.05,18.8524,20.5817,FALSE,FALSE,FALSE,NA,"MAB","2021"
"835",170,2021-06-18,20.04,19.0308,20.7439,FALSE,FALSE,FALSE,NA,"MAB","2021"
"836",171,2021-06-19,20.24,19.2083,20.908,FALSE,FALSE,FALSE,NA,"MAB","2021"
"837",172,2021-06-20,20.52,19.3849,21.07,FALSE,FALSE,FALSE,NA,"MAB","2021"
"838",173,2021-06-21,21.13,19.5603,21.2352,FALSE,FALSE,FALSE,NA,"MAB","2021"
"839",174,2021-06-22,21.39,19.7347,21.4014,FALSE,FALSE,FALSE,NA,"MAB","2021"
"840",175,2021-06-23,20.83,19.9077,21.572,FALSE,FALSE,FALSE,NA,"MAB","2021"
"841",176,2021-06-24,20.39,20.0794,21.7386,FALSE,FALSE,FALSE,NA,"MAB","2021"
"842",177,2021-06-25,20.48,20.2489,21.8984,FALSE,FALSE,FALSE,NA,"MAB","2021"
"843",178,2021-06-26,20.91,20.4159,22.0561,FALSE,FALSE,FALSE,NA,"MAB","2021"
"844",179,2021-06-27,21.36,20.5802,22.2121,FALSE,FALSE,FALSE,NA,"MAB","2021"
"845",180,2021-06-28,21.97,20.742,22.3634,FALSE,FALSE,FALSE,NA,"MAB","2021"
"846",181,2021-06-29,22.54,20.9013,22.5105,TRUE,FALSE,FALSE,NA,"MAB","2021"
"847",182,2021-06-30,22.64,21.0576,22.6587,FALSE,FALSE,FALSE,NA,"MAB","2021"
"848",183,2021-07-01,22.69,21.2109,22.8052,FALSE,FALSE,FALSE,NA,"MAB","2021"
"849",184,2021-07-02,22.54,21.3612,22.9466,FALSE,FALSE,FALSE,NA,"MAB","2021"
"850",185,2021-07-03,22.05,21.5081,23.0856,FALSE,FALSE,FALSE,NA,"MAB","2021"
"851",186,2021-07-04,22.04,21.6513,23.2201,FALSE,FALSE,FALSE,NA,"MAB","2021"
"852",187,2021-07-05,22.24,21.7895,23.3488,FALSE,FALSE,FALSE,NA,"MAB","2021"
"853",188,2021-07-06,22.43,21.9218,23.4714,FALSE,FALSE,FALSE,NA,"MAB","2021"
"854",189,2021-07-07,22.56,22.048,23.5878,FALSE,FALSE,FALSE,NA,"MAB","2021"
"855",190,2021-07-08,22.71,22.1677,23.6951,FALSE,FALSE,FALSE,NA,"MAB","2021"
"856",191,2021-07-09,22.36,22.2809,23.798,FALSE,FALSE,FALSE,NA,"MAB","2021"
"857",192,2021-07-10,21.87,22.3877,23.8969,FALSE,FALSE,FALSE,NA,"MAB","2021"
"858",193,2021-07-11,22.09,22.4889,23.9908,FALSE,FALSE,FALSE,NA,"MAB","2021"
"859",194,2021-07-12,22.47,22.5848,24.0811,FALSE,FALSE,FALSE,NA,"MAB","2021"
"860",195,2021-07-13,22.9,22.6756,24.1659,FALSE,FALSE,FALSE,NA,"MAB","2021"
"861",196,2021-07-14,23.47,22.7616,24.2534,FALSE,FALSE,FALSE,NA,"MAB","2021"
"862",197,2021-07-15,23.62,22.8432,24.3375,FALSE,FALSE,FALSE,NA,"MAB","2021"
"863",198,2021-07-16,23.85,22.9211,24.4171,FALSE,FALSE,FALSE,NA,"MAB","2021"
"864",199,2021-07-17,24.05,22.9954,24.4922,FALSE,FALSE,FALSE,NA,"MAB","2021"
"865",200,2021-07-18,24.12,23.0663,24.5622,FALSE,FALSE,FALSE,NA,"MAB","2021"
"866",201,2021-07-19,23.87,23.1339,24.6287,FALSE,FALSE,FALSE,NA,"MAB","2021"
"867",202,2021-07-20,23.64,23.1981,24.6936,FALSE,FALSE,FALSE,NA,"MAB","2021"
"868",203,2021-07-21,23.71,23.2591,24.7571,FALSE,FALSE,FALSE,NA,"MAB","2021"
"869",204,2021-07-22,23.71,23.3168,24.8152,FALSE,FALSE,FALSE,NA,"MAB","2021"
"870",205,2021-07-23,23.94,23.3712,24.8723,FALSE,FALSE,FALSE,NA,"MAB","2021"
"871",206,2021-07-24,24.26,23.4227,24.9232,FALSE,FALSE,FALSE,NA,"MAB","2021"
"872",207,2021-07-25,24.18,23.4708,24.9721,FALSE,FALSE,FALSE,NA,"MAB","2021"
"873",208,2021-07-26,24.06,23.5157,25.016,FALSE,FALSE,FALSE,NA,"MAB","2021"
"874",209,2021-07-27,24.32,23.5575,25.0574,FALSE,FALSE,FALSE,NA,"MAB","2021"
"875",210,2021-07-28,24.59,23.5967,25.0963,FALSE,FALSE,FALSE,NA,"MAB","2021"
"876",211,2021-07-29,24.49,23.6332,25.1322,FALSE,FALSE,FALSE,NA,"MAB","2021"
"877",212,2021-07-30,24.11,23.6667,25.1651,FALSE,FALSE,FALSE,NA,"MAB","2021"
"878",213,2021-07-31,24.1,23.6971,25.1948,FALSE,FALSE,FALSE,NA,"MAB","2021"
"879",214,2021-08-01,23.91,23.7243,25.2213,FALSE,FALSE,FALSE,NA,"MAB","2021"
"880",215,2021-08-02,23.8,23.7483,25.247,FALSE,FALSE,FALSE,NA,"MAB","2021"
"881",216,2021-08-03,23.75,23.769,25.27,FALSE,FALSE,FALSE,NA,"MAB","2021"
"882",217,2021-08-04,23.31,23.7865,25.292,FALSE,FALSE,FALSE,NA,"MAB","2021"
"883",218,2021-08-05,23.16,23.8014,25.3129,FALSE,FALSE,FALSE,NA,"MAB","2021"
"884",219,2021-08-06,23.43,23.8146,25.3329,FALSE,FALSE,FALSE,NA,"MAB","2021"
"885",220,2021-08-07,23.7,23.8261,25.3507,FALSE,FALSE,FALSE,NA,"MAB","2021"
"886",221,2021-08-08,23.74,23.8354,25.3675,FALSE,FALSE,FALSE,NA,"MAB","2021"
"887",222,2021-08-09,23.74,23.8426,25.3807,FALSE,FALSE,FALSE,NA,"MAB","2021"
"888",223,2021-08-10,23.86,23.848,25.3907,FALSE,FALSE,FALSE,NA,"MAB","2021"
"889",224,2021-08-11,24.32,23.8514,25.3987,FALSE,FALSE,FALSE,NA,"MAB","2021"
"890",225,2021-08-12,25.1,23.8526,25.4044,FALSE,FALSE,FALSE,NA,"MAB","2021"
"891",226,2021-08-13,25.2,23.851,25.4076,FALSE,FALSE,FALSE,NA,"MAB","2021"
"892",227,2021-08-14,25.28,23.8466,25.4007,FALSE,FALSE,FALSE,NA,"MAB","2021"
"893",228,2021-08-15,25.4,23.8389,25.3904,TRUE,FALSE,FALSE,NA,"MAB","2021"
"894",229,2021-08-16,25.24,23.8275,25.3781,FALSE,FALSE,FALSE,NA,"MAB","2021"
"895",230,2021-08-17,25.16,23.8117,25.3652,FALSE,FALSE,FALSE,NA,"MAB","2021"
"896",231,2021-08-18,25.14,23.7922,25.35,FALSE,FALSE,FALSE,NA,"MAB","2021"
"897",232,2021-08-19,25.04,23.7698,25.3332,FALSE,FALSE,FALSE,NA,"MAB","2021"
"898",233,2021-08-20,25.09,23.7443,25.3145,FALSE,FALSE,FALSE,NA,"MAB","2021"
"899",234,2021-08-21,25.1,23.7153,25.2925,FALSE,FALSE,FALSE,NA,"MAB","2021"
"900",235,2021-08-22,24.91,23.6825,25.2675,FALSE,FALSE,FALSE,NA,"MAB","2021"
"901",236,2021-08-23,24.65,23.6464,25.2344,FALSE,FALSE,FALSE,NA,"MAB","2021"
"902",237,2021-08-24,24.7,23.6073,25.1978,FALSE,FALSE,FALSE,NA,"MAB","2021"
"903",238,2021-08-25,25,23.5657,25.1518,FALSE,FALSE,FALSE,NA,"MAB","2021"
"904",239,2021-08-26,25.5,23.5217,25.1033,TRUE,TRUE,TRUE,67,"MAB","2021"
"905",240,2021-08-27,25.99,23.4751,25.0469,TRUE,TRUE,TRUE,67,"MAB","2021"
"906",241,2021-08-28,26.01,23.4256,24.9873,TRUE,TRUE,TRUE,67,"MAB","2021"
"907",242,2021-08-29,25.39,23.3727,24.9218,TRUE,TRUE,TRUE,67,"MAB","2021"
"908",243,2021-08-30,25.31,23.3159,24.8517,TRUE,TRUE,TRUE,67,"MAB","2021"
"909",244,2021-08-31,25.44,23.2556,24.7757,TRUE,TRUE,TRUE,67,"MAB","2021"
"910",245,2021-09-01,25.46,23.1924,24.6986,TRUE,TRUE,TRUE,67,"MAB","2021"
"911",246,2021-09-02,24.58,23.1264,24.6209,FALSE,FALSE,FALSE,NA,"MAB","2021"
"912",247,2021-09-03,23.61,23.0578,24.5434,FALSE,FALSE,FALSE,NA,"MAB","2021"
"913",248,2021-09-04,23.34,22.9866,24.466,FALSE,FALSE,FALSE,NA,"MAB","2021"
"914",249,2021-09-05,23.27,22.9129,24.3868,FALSE,FALSE,FALSE,NA,"MAB","2021"
"915",250,2021-09-06,23.44,22.8364,24.3021,FALSE,FALSE,FALSE,NA,"MAB","2021"
"916",251,2021-09-07,23.56,22.7578,24.2115,FALSE,FALSE,FALSE,NA,"MAB","2021"
"917",252,2021-09-08,23.6,22.6777,24.1183,FALSE,FALSE,FALSE,NA,"MAB","2021"
"918",253,2021-09-09,23.56,22.5966,24.0255,FALSE,FALSE,FALSE,NA,"MAB","2021"
"919",254,2021-09-10,23.23,22.5143,23.9338,FALSE,FALSE,FALSE,NA,"MAB","2021"
"920",255,2021-09-11,23.04,22.4302,23.8428,FALSE,FALSE,FALSE,NA,"MAB","2021"
"921",256,2021-09-12,23,22.3444,23.7527,FALSE,FALSE,FALSE,NA,"MAB","2021"
"922",257,2021-09-13,23.01,22.2571,23.6609,FALSE,FALSE,FALSE,NA,"MAB","2021"
"923",258,2021-09-14,23.2,22.1683,23.568,FALSE,FALSE,FALSE,NA,"MAB","2021"
"924",259,2021-09-15,23.43,22.0778,23.4729,FALSE,FALSE,FALSE,NA,"MAB","2021"
"925",260,2021-09-16,23.46,21.9859,23.3745,TRUE,TRUE,TRUE,68,"MAB","2021"
"926",261,2021-09-17,23.49,21.8929,23.2723,TRUE,TRUE,TRUE,68,"MAB","2021"
"927",262,2021-09-18,23.67,21.7985,23.1659,TRUE,TRUE,TRUE,68,"MAB","2021"
"928",263,2021-09-19,23.69,21.702,23.0581,TRUE,TRUE,TRUE,68,"MAB","2021"
"929",264,2021-09-20,23.38,21.6035,22.9467,TRUE,TRUE,TRUE,68,"MAB","2021"
"930",265,2021-09-21,23.1,21.5032,22.8336,TRUE,TRUE,TRUE,68,"MAB","2021"
"931",266,2021-09-22,23.08,21.4017,22.7191,TRUE,TRUE,TRUE,68,"MAB","2021"
"932",267,2021-09-23,23.2,21.2987,22.6078,TRUE,TRUE,TRUE,68,"MAB","2021"
"933",268,2021-09-24,23.2,21.1941,22.4987,TRUE,TRUE,TRUE,68,"MAB","2021"
"934",269,2021-09-25,22.84,21.088,22.3966,TRUE,TRUE,TRUE,68,"MAB","2021"
"935",270,2021-09-26,22.76,20.9804,22.2957,TRUE,TRUE,TRUE,68,"MAB","2021"
"936",271,2021-09-27,22.72,20.8713,22.1957,TRUE,TRUE,TRUE,68,"MAB","2021"
"937",272,2021-09-28,22.67,20.7601,22.0902,TRUE,TRUE,TRUE,68,"MAB","2021"
"938",273,2021-09-29,22.5,20.6471,21.9856,TRUE,TRUE,TRUE,68,"MAB","2021"
"939",274,2021-09-30,22.03,20.5327,21.8811,TRUE,TRUE,TRUE,68,"MAB","2021"
"940",275,2021-10-01,21.75,20.4169,21.7748,FALSE,FALSE,TRUE,68,"MAB","2021"
"941",276,2021-10-02,21.66,20.2997,21.6642,FALSE,FALSE,TRUE,68,"MAB","2021"
"942",277,2021-10-03,21.67,20.181,21.55,TRUE,TRUE,TRUE,68,"MAB","2021"
"943",278,2021-10-04,21.74,20.061,21.434,TRUE,TRUE,TRUE,68,"MAB","2021"
"944",279,2021-10-05,21.78,19.9399,21.3159,TRUE,TRUE,TRUE,68,"MAB","2021"
"945",280,2021-10-06,21.7,19.8177,21.1983,TRUE,TRUE,TRUE,68,"MAB","2021"
"946",281,2021-10-07,21.66,19.6942,21.0833,TRUE,TRUE,TRUE,68,"MAB","2021"
"947",282,2021-10-08,21.65,19.5693,20.9678,TRUE,TRUE,TRUE,68,"MAB","2021"
"948",283,2021-10-09,21.68,19.4428,20.8503,TRUE,TRUE,TRUE,68,"MAB","2021"
"949",284,2021-10-10,21.58,19.3146,20.7331,TRUE,TRUE,TRUE,68,"MAB","2021"
"950",285,2021-10-11,21.41,19.1847,20.6129,TRUE,TRUE,TRUE,68,"MAB","2021"
"951",286,2021-10-12,21.26,19.0536,20.4887,TRUE,TRUE,TRUE,68,"MAB","2021"
"952",287,2021-10-13,21.12,18.9213,20.3614,TRUE,TRUE,TRUE,68,"MAB","2021"
"953",288,2021-10-14,21.22,18.7879,20.2351,TRUE,TRUE,TRUE,68,"MAB","2021"
"954",289,2021-10-15,21.36,18.6534,20.1074,TRUE,TRUE,TRUE,68,"MAB","2021"
"955",290,2021-10-16,21.41,18.518,19.9773,TRUE,TRUE,TRUE,68,"MAB","2021"
"956",291,2021-10-17,21.18,18.3817,19.8466,TRUE,TRUE,TRUE,68,"MAB","2021"
"957",292,2021-10-18,20.58,18.2447,19.7144,TRUE,TRUE,TRUE,68,"MAB","2021"
"958",293,2021-10-19,20.08,18.1072,19.5785,TRUE,TRUE,TRUE,68,"MAB","2021"
"959",294,2021-10-20,19.84,17.9695,19.4419,TRUE,TRUE,TRUE,68,"MAB","2021"
"960",295,2021-10-21,19.78,17.8319,19.3043,TRUE,TRUE,TRUE,68,"MAB","2021"
"961",296,2021-10-22,19.8,17.6942,19.1671,TRUE,TRUE,TRUE,68,"MAB","2021"
"962",297,2021-10-23,19.66,17.5566,19.032,TRUE,TRUE,TRUE,68,"MAB","2021"
"963",298,2021-10-24,19.46,17.4191,18.8961,TRUE,TRUE,TRUE,68,"MAB","2021"
"964",299,2021-10-25,19.45,17.2818,18.757,TRUE,TRUE,TRUE,68,"MAB","2021"
"965",300,2021-10-26,19.43,17.1448,18.6164,TRUE,TRUE,TRUE,68,"MAB","2021"
"966",301,2021-10-27,19.19,17.0081,18.4725,TRUE,TRUE,TRUE,68,"MAB","2021"
"967",302,2021-10-28,18.92,16.8717,18.3328,TRUE,TRUE,TRUE,68,"MAB","2021"
"968",303,2021-10-29,18.37,16.7359,18.196,TRUE,TRUE,TRUE,68,"MAB","2021"
"969",304,2021-10-30,18.16,16.6007,18.0611,TRUE,TRUE,TRUE,68,"MAB","2021"
"970",305,2021-10-31,17.96,16.4664,17.9224,TRUE,TRUE,TRUE,68,"MAB","2021"
"971",306,2021-11-01,17.71,16.3333,17.786,FALSE,FALSE,FALSE,NA,"MAB","2021"
"972",307,2021-11-02,17.44,16.2014,17.6506,FALSE,FALSE,FALSE,NA,"MAB","2021"
"973",308,2021-11-03,17.2,16.0705,17.5122,FALSE,FALSE,FALSE,NA,"MAB","2021"
"974",309,2021-11-04,17.02,15.9408,17.3728,FALSE,FALSE,FALSE,NA,"MAB","2021"
"975",310,2021-11-05,16.71,15.8124,17.234,FALSE,FALSE,FALSE,NA,"MAB","2021"
"976",311,2021-11-06,16.62,15.6855,17.0944,FALSE,FALSE,FALSE,NA,"MAB","2021"
"977",312,2021-11-07,16.45,15.5601,16.9544,FALSE,FALSE,FALSE,NA,"MAB","2021"
"978",313,2021-11-08,16.28,15.4362,16.8202,FALSE,FALSE,FALSE,NA,"MAB","2021"
"979",314,2021-11-09,16.24,15.3139,16.6895,FALSE,FALSE,FALSE,NA,"MAB","2021"
"980",315,2021-11-10,16.15,15.1936,16.5596,FALSE,FALSE,FALSE,NA,"MAB","2021"
"981",316,2021-11-11,16.04,15.075,16.4331,FALSE,FALSE,FALSE,NA,"MAB","2021"
"982",317,2021-11-12,16.04,14.9583,16.3095,FALSE,FALSE,FALSE,NA,"MAB","2021"
"983",318,2021-11-13,15.89,14.8434,16.1872,FALSE,FALSE,FALSE,NA,"MAB","2021"
"984",319,2021-11-14,15.78,14.7301,16.0638,FALSE,FALSE,FALSE,NA,"MAB","2021"
"985",320,2021-11-15,15.63,14.6183,15.9447,FALSE,FALSE,FALSE,NA,"MAB","2021"
"986",321,2021-11-16,15.36,14.5077,15.8274,FALSE,FALSE,FALSE,NA,"MAB","2021"
"987",322,2021-11-17,15.2,14.3981,15.7115,FALSE,FALSE,FALSE,NA,"MAB","2021"
"988",323,2021-11-18,15.31,14.2894,15.596,FALSE,FALSE,FALSE,NA,"MAB","2021"
"989",324,2021-11-19,15.55,14.1816,15.4854,TRUE,FALSE,FALSE,NA,"MAB","2021"
"990",325,2021-11-20,15.23,14.0745,15.374,FALSE,FALSE,FALSE,NA,"MAB","2021"
"991",326,2021-11-21,15.13,13.968,15.2665,FALSE,FALSE,FALSE,NA,"MAB","2021"
"992",327,2021-11-22,15.16,13.862,15.1598,TRUE,FALSE,FALSE,NA,"MAB","2021"
"993",328,2021-11-23,14.77,13.7566,15.0543,FALSE,FALSE,FALSE,NA,"MAB","2021"
"994",329,2021-11-24,14.61,13.6518,14.951,FALSE,FALSE,FALSE,NA,"MAB","2021"
"995",330,2021-11-25,14.29,13.5478,14.8497,FALSE,FALSE,FALSE,NA,"MAB","2021"
"996",331,2021-11-26,13.87,13.4446,14.7497,FALSE,FALSE,FALSE,NA,"MAB","2021"
"997",332,2021-11-27,13.58,13.3424,14.6545,FALSE,FALSE,FALSE,NA,"MAB","2021"
"998",333,2021-11-28,13.16,13.2413,14.5597,FALSE,FALSE,FALSE,NA,"MAB","2021"
"999",334,2021-11-29,13.02,13.1413,14.4685,FALSE,FALSE,FALSE,NA,"MAB","2021"
