"Time","Var","Value","EPU","Units"
2024-01-02,"Year",12.72,"MAB","C"
2024-01-02,"YearLTA",12.57,"MAB","C"
2024-01-02,"minLTA",7.75,"MAB","C"
2024-01-02,"maxLTA",16.66,"MAB","C"
2024-01-03,"Year",11.72,"MAB","C"
2024-01-03,"YearLTA",12.63,"MAB","C"
2024-01-03,"minLTA",7.03,"MAB","C"
2024-01-03,"maxLTA",16.67,"MAB","C"
2024-01-04,"Year",11.37,"MAB","C"
2024-01-04,"YearLTA",12.25,"MAB","C"
2024-01-04,"minLTA",7.03,"MAB","C"
2024-01-04,"maxLTA",16.94,"MAB","C"
2024-01-05,"Year",13.58,"MAB","C"
2024-01-05,"YearLTA",12.32,"MAB","C"
2024-01-05,"minLTA",7.49,"MAB","C"
2024-01-05,"maxLTA",17.07,"MAB","C"
2024-01-06,"Year",12.45,"MAB","C"
2024-01-06,"YearLTA",12.22,"MAB","C"
2024-01-06,"minLTA",6.71,"MAB","C"
2024-01-06,"maxLTA",16.83,"MAB","C"
2024-01-07,"Year",13.01,"MAB","C"
2024-01-07,"YearLTA",12.56,"MAB","C"
2024-01-07,"minLTA",6.74,"MAB","C"
2024-01-07,"maxLTA",16.79,"MAB","C"
2024-01-08,"Year",13.21,"MAB","C"
2024-01-08,"YearLTA",11.92,"MAB","C"
2024-01-08,"minLTA",6.3,"MAB","C"
2024-01-08,"maxLTA",16.97,"MAB","C"
2024-01-09,"Year",13.45,"MAB","C"
2024-01-09,"YearLTA",12.06,"MAB","C"
2024-01-09,"minLTA",7.06,"MAB","C"
2024-01-09,"maxLTA",16.91,"MAB","C"
2024-01-10,"Year",14.51,"MAB","C"
2024-01-10,"YearLTA",11.72,"MAB","C"
2024-01-10,"minLTA",6.15,"MAB","C"
2024-01-10,"maxLTA",17,"MAB","C"
2024-01-11,"Year",13.42,"MAB","C"
2024-01-11,"YearLTA",11.6,"MAB","C"
2024-01-11,"minLTA",6.28,"MAB","C"
2024-01-11,"maxLTA",16.97,"MAB","C"
2024-01-12,"Year",13.56,"MAB","C"
2024-01-12,"YearLTA",11.54,"MAB","C"
2024-01-12,"minLTA",6.13,"MAB","C"
2024-01-12,"maxLTA",16.65,"MAB","C"
2024-01-13,"Year",14.1,"MAB","C"
2024-01-13,"YearLTA",11.71,"MAB","C"
2024-01-13,"minLTA",6.48,"MAB","C"
2024-01-13,"maxLTA",16.56,"MAB","C"
2024-01-14,"Year",13.87,"MAB","C"
2024-01-14,"YearLTA",12.17,"MAB","C"
2024-01-14,"minLTA",6.79,"MAB","C"
2024-01-14,"maxLTA",16.88,"MAB","C"
2024-01-15,"Year",13.54,"MAB","C"
2024-01-15,"YearLTA",12.33,"MAB","C"
2024-01-15,"minLTA",7,"MAB","C"
2024-01-15,"maxLTA",17.05,"MAB","C"
2024-01-16,"Year",13.57,"MAB","C"
2024-01-16,"YearLTA",12.63,"MAB","C"
2024-01-16,"minLTA",7.04,"MAB","C"
2024-01-16,"maxLTA",17.04,"MAB","C"
2024-01-17,"Year",12.53,"MAB","C"
2024-01-17,"YearLTA",12.63,"MAB","C"
2024-01-17,"minLTA",7.1,"MAB","C"
2024-01-17,"maxLTA",17.03,"MAB","C"
2024-01-18,"Year",10.71,"MAB","C"
2024-01-18,"YearLTA",11.81,"MAB","C"
2024-01-18,"minLTA",7.03,"MAB","C"
2024-01-18,"maxLTA",17.16,"MAB","C"
2024-01-19,"Year",11.3,"MAB","C"
2024-01-19,"YearLTA",12.14,"MAB","C"
2024-01-19,"minLTA",7.7,"MAB","C"
2024-01-19,"maxLTA",16.04,"MAB","C"
2024-01-20,"Year",11.23,"MAB","C"
2024-01-20,"YearLTA",12.32,"MAB","C"
2024-01-20,"minLTA",7.92,"MAB","C"
2024-01-20,"maxLTA",16.01,"MAB","C"
2024-01-21,"Year",10.69,"MAB","C"
2024-01-21,"YearLTA",12.83,"MAB","C"
2024-01-21,"minLTA",7.92,"MAB","C"
2024-01-21,"maxLTA",16.51,"MAB","C"
2024-01-22,"Year",10.77,"MAB","C"
2024-01-22,"YearLTA",12.98,"MAB","C"
2024-01-22,"minLTA",8.09,"MAB","C"
2024-01-22,"maxLTA",16.45,"MAB","C"
2024-01-23,"Year",10.54,"MAB","C"
2024-01-23,"YearLTA",12.94,"MAB","C"
2024-01-23,"minLTA",8.05,"MAB","C"
2024-01-23,"maxLTA",16.17,"MAB","C"
2024-01-24,"Year",10.23,"MAB","C"
2024-01-24,"YearLTA",12.98,"MAB","C"
2024-01-24,"minLTA",7.08,"MAB","C"
2024-01-24,"maxLTA",16.45,"MAB","C"
2024-01-25,"Year",10.65,"MAB","C"
2024-01-25,"YearLTA",13.33,"MAB","C"
2024-01-25,"minLTA",11.38,"MAB","C"
2024-01-25,"maxLTA",15.81,"MAB","C"
2024-01-26,"Year",10.52,"MAB","C"
2024-01-26,"YearLTA",13.59,"MAB","C"
2024-01-26,"minLTA",9.48,"MAB","C"
2024-01-26,"maxLTA",15.92,"MAB","C"
2024-01-27,"Year",10.76,"MAB","C"
2024-01-27,"YearLTA",13.77,"MAB","C"
2024-01-27,"minLTA",9.37,"MAB","C"
2024-01-27,"maxLTA",16.59,"MAB","C"
2024-01-28,"Year",11.26,"MAB","C"
2024-01-28,"YearLTA",13.63,"MAB","C"
2024-01-28,"minLTA",10.42,"MAB","C"
2024-01-28,"maxLTA",16.37,"MAB","C"
2024-01-29,"Year",10.94,"MAB","C"
2024-01-29,"YearLTA",13.75,"MAB","C"
2024-01-29,"minLTA",9.72,"MAB","C"
2024-01-29,"maxLTA",16.38,"MAB","C"
2024-01-30,"Year",9.87,"MAB","C"
2024-01-30,"YearLTA",13.72,"MAB","C"
2024-01-30,"minLTA",11.84,"MAB","C"
2024-01-30,"maxLTA",16.83,"MAB","C"
2024-01-31,"Year",8.25,"MAB","C"
2024-01-31,"YearLTA",14.07,"MAB","C"
2024-01-31,"minLTA",11.61,"MAB","C"
2024-01-31,"maxLTA",16.66,"MAB","C"
2024-02-01,"Year",8.32,"MAB","C"
2024-02-01,"YearLTA",14.01,"MAB","C"
2024-02-01,"minLTA",10.5,"MAB","C"
2024-02-01,"maxLTA",16.7,"MAB","C"
2024-02-02,"Year",8.3,"MAB","C"
2024-02-02,"YearLTA",13.76,"MAB","C"
2024-02-02,"minLTA",12.17,"MAB","C"
2024-02-02,"maxLTA",16.31,"MAB","C"
2024-02-03,"Year",8.88,"MAB","C"
2024-02-03,"YearLTA",13.7,"MAB","C"
2024-02-03,"minLTA",10.26,"MAB","C"
2024-02-03,"maxLTA",16.76,"MAB","C"
2024-02-04,"Year",6.46,"MAB","C"
2024-02-04,"YearLTA",13.52,"MAB","C"
2024-02-04,"minLTA",11.65,"MAB","C"
2024-02-04,"maxLTA",16.76,"MAB","C"
2024-02-05,"Year",5.75,"MAB","C"
2024-02-05,"YearLTA",13.77,"MAB","C"
2024-02-05,"minLTA",11.78,"MAB","C"
2024-02-05,"maxLTA",16.78,"MAB","C"
2024-02-06,"Year",9.06,"MAB","C"
2024-02-06,"YearLTA",13.77,"MAB","C"
2024-02-06,"minLTA",11.79,"MAB","C"
2024-02-06,"maxLTA",16.84,"MAB","C"
2024-02-07,"Year",9.65,"MAB","C"
2024-02-07,"YearLTA",13.89,"MAB","C"
2024-02-07,"minLTA",11.29,"MAB","C"
2024-02-07,"maxLTA",16.85,"MAB","C"
2024-02-08,"Year",6.4,"MAB","C"
2024-02-08,"YearLTA",13.77,"MAB","C"
2024-02-08,"minLTA",11.32,"MAB","C"
2024-02-08,"maxLTA",16.57,"MAB","C"
2024-02-09,"Year",8.45,"MAB","C"
2024-02-09,"YearLTA",13.81,"MAB","C"
2024-02-09,"minLTA",11.01,"MAB","C"
2024-02-09,"maxLTA",16.72,"MAB","C"
2024-02-10,"Year",9.61,"MAB","C"
2024-02-10,"YearLTA",13.72,"MAB","C"
2024-02-10,"minLTA",9.2,"MAB","C"
2024-02-10,"maxLTA",16.95,"MAB","C"
2024-02-11,"Year",9.72,"MAB","C"
2024-02-11,"YearLTA",13.82,"MAB","C"
2024-02-11,"minLTA",9.48,"MAB","C"
2024-02-11,"maxLTA",17.22,"MAB","C"
2024-02-12,"Year",9.76,"MAB","C"
2024-02-12,"YearLTA",13.96,"MAB","C"
2024-02-12,"minLTA",9.66,"MAB","C"
2024-02-12,"maxLTA",16.69,"MAB","C"
2024-02-13,"Year",10.25,"MAB","C"
2024-02-13,"YearLTA",14.16,"MAB","C"
2024-02-13,"minLTA",10.22,"MAB","C"
2024-02-13,"maxLTA",17.2,"MAB","C"
2024-02-14,"Year",10.05,"MAB","C"
2024-02-14,"YearLTA",13.69,"MAB","C"
2024-02-14,"minLTA",10.92,"MAB","C"
2024-02-14,"maxLTA",17.06,"MAB","C"
2024-02-15,"Year",10.2,"MAB","C"
2024-02-15,"YearLTA",13.22,"MAB","C"
2024-02-15,"minLTA",10.08,"MAB","C"
2024-02-15,"maxLTA",16.96,"MAB","C"
2024-02-16,"Year",10.52,"MAB","C"
2024-02-16,"YearLTA",13.28,"MAB","C"
2024-02-16,"minLTA",10.78,"MAB","C"
2024-02-16,"maxLTA",17.08,"MAB","C"
2024-02-17,"Year",10.99,"MAB","C"
2024-02-17,"YearLTA",13.69,"MAB","C"
2024-02-17,"minLTA",11.37,"MAB","C"
2024-02-17,"maxLTA",16.62,"MAB","C"
2024-02-18,"Year",11.11,"MAB","C"
2024-02-18,"YearLTA",14.29,"MAB","C"
2024-02-18,"minLTA",11.27,"MAB","C"
2024-02-18,"maxLTA",16.69,"MAB","C"
2024-02-19,"Year",10.85,"MAB","C"
2024-02-19,"YearLTA",14.39,"MAB","C"
2024-02-19,"minLTA",10.47,"MAB","C"
2024-02-19,"maxLTA",16.97,"MAB","C"
2024-02-20,"Year",11.2,"MAB","C"
2024-02-20,"YearLTA",14.32,"MAB","C"
2024-02-20,"minLTA",10.25,"MAB","C"
2024-02-20,"maxLTA",17.29,"MAB","C"
2024-02-21,"Year",11.37,"MAB","C"
2024-02-21,"YearLTA",13.92,"MAB","C"
2024-02-21,"minLTA",10.31,"MAB","C"
2024-02-21,"maxLTA",17.25,"MAB","C"
2024-02-22,"Year",11.31,"MAB","C"
2024-02-22,"YearLTA",13.94,"MAB","C"
2024-02-22,"minLTA",9.84,"MAB","C"
2024-02-22,"maxLTA",17.41,"MAB","C"
2024-02-23,"Year",11.41,"MAB","C"
2024-02-23,"YearLTA",13.74,"MAB","C"
2024-02-23,"minLTA",9.88,"MAB","C"
2024-02-23,"maxLTA",17.43,"MAB","C"
2024-02-24,"Year",11.47,"MAB","C"
2024-02-24,"YearLTA",13.83,"MAB","C"
2024-02-24,"minLTA",10.01,"MAB","C"
2024-02-24,"maxLTA",17.1,"MAB","C"
2024-02-25,"Year",11.61,"MAB","C"
2024-02-25,"YearLTA",13.84,"MAB","C"
2024-02-25,"minLTA",8.58,"MAB","C"
2024-02-25,"maxLTA",17.06,"MAB","C"
2024-02-26,"Year",11.63,"MAB","C"
2024-02-26,"YearLTA",13.41,"MAB","C"
2024-02-26,"minLTA",5.47,"MAB","C"
2024-02-26,"maxLTA",16.89,"MAB","C"
2024-02-27,"Year",11.51,"MAB","C"
2024-02-27,"YearLTA",12.87,"MAB","C"
2024-02-27,"minLTA",5.71,"MAB","C"
2024-02-27,"maxLTA",17,"MAB","C"
2024-02-28,"Year",11.63,"MAB","C"
2024-02-28,"YearLTA",12.66,"MAB","C"
2024-02-28,"minLTA",5.67,"MAB","C"
2024-02-28,"maxLTA",16.96,"MAB","C"
2024-02-29,"Year",11.69,"MAB","C"
2024-02-29,"YearLTA",12.69,"MAB","C"
2024-02-29,"minLTA",10.93,"MAB","C"
2024-02-29,"maxLTA",13.23,"MAB","C"
2024-03-01,"Year",11.88,"MAB","C"
2024-03-01,"YearLTA",12.64,"MAB","C"
2024-03-01,"minLTA",6.58,"MAB","C"
2024-03-01,"maxLTA",16.89,"MAB","C"
2024-03-02,"Year",11.81,"MAB","C"
2024-03-02,"YearLTA",12.62,"MAB","C"
2024-03-02,"minLTA",6.85,"MAB","C"
2024-03-02,"maxLTA",16.87,"MAB","C"
2024-03-03,"Year",11.51,"MAB","C"
2024-03-03,"YearLTA",12.67,"MAB","C"
2024-03-03,"minLTA",6.1,"MAB","C"
2024-03-03,"maxLTA",16.55,"MAB","C"
2024-03-04,"Year",11.57,"MAB","C"
2024-03-04,"YearLTA",13.11,"MAB","C"
2024-03-04,"minLTA",10.11,"MAB","C"
2024-03-04,"maxLTA",15.78,"MAB","C"
2024-03-05,"Year",11.92,"MAB","C"
2024-03-05,"YearLTA",12.52,"MAB","C"
2024-03-05,"minLTA",7.02,"MAB","C"
2024-03-05,"maxLTA",14.63,"MAB","C"
2024-03-06,"Year",11.64,"MAB","C"
2024-03-06,"YearLTA",12.56,"MAB","C"
2024-03-06,"minLTA",8.22,"MAB","C"
2024-03-06,"maxLTA",15.25,"MAB","C"
2024-03-07,"Year",11.79,"MAB","C"
2024-03-07,"YearLTA",12.59,"MAB","C"
2024-03-07,"minLTA",8.54,"MAB","C"
2024-03-07,"maxLTA",15.25,"MAB","C"
2024-03-08,"Year",11.17,"MAB","C"
2024-03-08,"YearLTA",12.53,"MAB","C"
2024-03-08,"minLTA",8.51,"MAB","C"
2024-03-08,"maxLTA",14.89,"MAB","C"
2024-03-09,"Year",8.86,"MAB","C"
2024-03-09,"YearLTA",12.4,"MAB","C"
2024-03-09,"minLTA",9.15,"MAB","C"
2024-03-09,"maxLTA",15.95,"MAB","C"
2024-03-10,"Year",9.51,"MAB","C"
2024-03-10,"YearLTA",11.79,"MAB","C"
2024-03-10,"minLTA",8.88,"MAB","C"
2024-03-10,"maxLTA",15.36,"MAB","C"
2024-03-11,"Year",10.53,"MAB","C"
2024-03-11,"YearLTA",11.92,"MAB","C"
2024-03-11,"minLTA",9.2,"MAB","C"
2024-03-11,"maxLTA",15.5,"MAB","C"
2024-03-12,"Year",10.33,"MAB","C"
2024-03-12,"YearLTA",11.75,"MAB","C"
2024-03-12,"minLTA",5.62,"MAB","C"
2024-03-12,"maxLTA",14.86,"MAB","C"
2024-03-13,"Year",9.92,"MAB","C"
2024-03-13,"YearLTA",11.28,"MAB","C"
2024-03-13,"minLTA",3.97,"MAB","C"
2024-03-13,"maxLTA",14.47,"MAB","C"
2024-03-14,"Year",9.79,"MAB","C"
2024-03-14,"YearLTA",11.6,"MAB","C"
2024-03-14,"minLTA",3.47,"MAB","C"
2024-03-14,"maxLTA",15.3,"MAB","C"
2024-03-15,"Year",9.8,"MAB","C"
2024-03-15,"YearLTA",11.39,"MAB","C"
2024-03-15,"minLTA",3.43,"MAB","C"
2024-03-15,"maxLTA",15.3,"MAB","C"
2024-03-16,"Year",9.8,"MAB","C"
2024-03-16,"YearLTA",11.18,"MAB","C"
2024-03-16,"minLTA",2.69,"MAB","C"
2024-03-16,"maxLTA",15.56,"MAB","C"
2024-03-17,"Year",9.63,"MAB","C"
2024-03-17,"YearLTA",11.03,"MAB","C"
2024-03-17,"minLTA",2.77,"MAB","C"
2024-03-17,"maxLTA",15.53,"MAB","C"
2024-03-18,"Year",10.4,"MAB","C"
2024-03-18,"YearLTA",11.07,"MAB","C"
2024-03-18,"minLTA",2.84,"MAB","C"
2024-03-18,"maxLTA",15.56,"MAB","C"
2024-03-19,"Year",9.54,"MAB","C"
2024-03-19,"YearLTA",11.21,"MAB","C"
2024-03-19,"minLTA",2.98,"MAB","C"
2024-03-19,"maxLTA",15.51,"MAB","C"
2024-03-20,"Year",8.82,"MAB","C"
2024-03-20,"YearLTA",11.28,"MAB","C"
2024-03-20,"minLTA",5,"MAB","C"
2024-03-20,"maxLTA",15.19,"MAB","C"
2024-03-21,"Year",8.97,"MAB","C"
2024-03-21,"YearLTA",10.63,"MAB","C"
2024-03-21,"minLTA",6.11,"MAB","C"
2024-03-21,"maxLTA",14.85,"MAB","C"
2024-03-22,"Year",9,"MAB","C"
2024-03-22,"YearLTA",10.68,"MAB","C"
2024-03-22,"minLTA",6.57,"MAB","C"
2024-03-22,"maxLTA",14.79,"MAB","C"
2024-03-23,"Year",9.24,"MAB","C"
2024-03-23,"YearLTA",10.87,"MAB","C"
2024-03-23,"minLTA",5.89,"MAB","C"
2024-03-23,"maxLTA",14.72,"MAB","C"
2024-03-24,"Year",9.65,"MAB","C"
2024-03-24,"YearLTA",10.68,"MAB","C"
2024-03-24,"minLTA",6.75,"MAB","C"
2024-03-24,"maxLTA",14.92,"MAB","C"
2024-03-25,"Year",10.19,"MAB","C"
2024-03-25,"YearLTA",10.42,"MAB","C"
2024-03-25,"minLTA",5.41,"MAB","C"
2024-03-25,"maxLTA",14.96,"MAB","C"
2024-03-26,"Year",9.81,"MAB","C"
2024-03-26,"YearLTA",10.2,"MAB","C"
2024-03-26,"minLTA",5.38,"MAB","C"
2024-03-26,"maxLTA",14.98,"MAB","C"
2024-03-27,"Year",8,"MAB","C"
2024-03-27,"YearLTA",10.39,"MAB","C"
2024-03-27,"minLTA",5.5,"MAB","C"
2024-03-27,"maxLTA",14.78,"MAB","C"
2024-03-28,"Year",8.94,"MAB","C"
2024-03-28,"YearLTA",10.45,"MAB","C"
2024-03-28,"minLTA",5.3,"MAB","C"
2024-03-28,"maxLTA",14.98,"MAB","C"
2024-03-29,"Year",9.89,"MAB","C"
2024-03-29,"YearLTA",10.69,"MAB","C"
2024-03-29,"minLTA",5.47,"MAB","C"
2024-03-29,"maxLTA",14.9,"MAB","C"
2024-03-31,"Year",9.27,"MAB","C"
2024-03-31,"YearLTA",10.78,"MAB","C"
2024-03-31,"minLTA",5.45,"MAB","C"
2024-03-31,"maxLTA",13.79,"MAB","C"
2024-04-01,"Year",9.22,"MAB","C"
2024-04-01,"YearLTA",10.79,"MAB","C"
2024-04-01,"minLTA",5.69,"MAB","C"
2024-04-01,"maxLTA",13.72,"MAB","C"
2024-04-02,"Year",9.24,"MAB","C"
2024-04-02,"YearLTA",10.83,"MAB","C"
2024-04-02,"minLTA",6.13,"MAB","C"
2024-04-02,"maxLTA",14.02,"MAB","C"
2024-04-03,"Year",9.03,"MAB","C"
2024-04-03,"YearLTA",11.26,"MAB","C"
2024-04-03,"minLTA",7.66,"MAB","C"
2024-04-03,"maxLTA",14.88,"MAB","C"
2024-04-04,"Year",8.22,"MAB","C"
2024-04-04,"YearLTA",11.16,"MAB","C"
2024-04-04,"minLTA",7.07,"MAB","C"
2024-04-04,"maxLTA",14.84,"MAB","C"
2024-04-05,"Year",8.16,"MAB","C"
2024-04-05,"YearLTA",11.12,"MAB","C"
2024-04-05,"minLTA",6.86,"MAB","C"
2024-04-05,"maxLTA",14.71,"MAB","C"
2024-04-06,"Year",8.2,"MAB","C"
2024-04-06,"YearLTA",11.18,"MAB","C"
2024-04-06,"minLTA",7.09,"MAB","C"
2024-04-06,"maxLTA",15.06,"MAB","C"
2024-04-07,"Year",7.42,"MAB","C"
2024-04-07,"YearLTA",10.96,"MAB","C"
2024-04-07,"minLTA",6.62,"MAB","C"
2024-04-07,"maxLTA",14.74,"MAB","C"
2024-04-08,"Year",6.79,"MAB","C"
2024-04-08,"YearLTA",10.73,"MAB","C"
2024-04-08,"minLTA",6.01,"MAB","C"
2024-04-08,"maxLTA",14.9,"MAB","C"
2024-04-09,"Year",6.51,"MAB","C"
2024-04-09,"YearLTA",10.72,"MAB","C"
2024-04-09,"minLTA",5.94,"MAB","C"
2024-04-09,"maxLTA",15.08,"MAB","C"
2024-04-10,"Year",6.72,"MAB","C"
2024-04-10,"YearLTA",10.73,"MAB","C"
2024-04-10,"minLTA",6.17,"MAB","C"
2024-04-10,"maxLTA",14.99,"MAB","C"
2024-04-11,"Year",7.12,"MAB","C"
2024-04-11,"YearLTA",10.44,"MAB","C"
2024-04-11,"minLTA",7.06,"MAB","C"
2024-04-11,"maxLTA",14.66,"MAB","C"
2024-04-12,"Year",8.48,"MAB","C"
2024-04-12,"YearLTA",10.39,"MAB","C"
2024-04-12,"minLTA",6.91,"MAB","C"
2024-04-12,"maxLTA",14.29,"MAB","C"
2024-04-13,"Year",8.49,"MAB","C"
2024-04-13,"YearLTA",10.69,"MAB","C"
2024-04-13,"minLTA",6.55,"MAB","C"
2024-04-13,"maxLTA",15.11,"MAB","C"
2024-04-14,"Year",7.87,"MAB","C"
2024-04-14,"YearLTA",10.48,"MAB","C"
2024-04-14,"minLTA",6.4,"MAB","C"
2024-04-14,"maxLTA",14.39,"MAB","C"
2024-04-15,"Year",7.51,"MAB","C"
2024-04-15,"YearLTA",10.41,"MAB","C"
2024-04-15,"minLTA",6.94,"MAB","C"
2024-04-15,"maxLTA",14.45,"MAB","C"
2024-04-16,"Year",7.43,"MAB","C"
2024-04-16,"YearLTA",10.73,"MAB","C"
2024-04-16,"minLTA",6.8,"MAB","C"
2024-04-16,"maxLTA",14.63,"MAB","C"
2024-04-17,"Year",7.33,"MAB","C"
2024-04-17,"YearLTA",10.92,"MAB","C"
2024-04-17,"minLTA",6.83,"MAB","C"
2024-04-17,"maxLTA",14.64,"MAB","C"
2024-04-18,"Year",7.36,"MAB","C"
2024-04-18,"YearLTA",10.74,"MAB","C"
2024-04-18,"minLTA",6.86,"MAB","C"
2024-04-18,"maxLTA",14.63,"MAB","C"
2024-04-19,"Year",7.44,"MAB","C"
2024-04-19,"YearLTA",10.8,"MAB","C"
2024-04-19,"minLTA",7.15,"MAB","C"
2024-04-19,"maxLTA",14.55,"MAB","C"
2024-04-20,"Year",5.88,"MAB","C"
2024-04-20,"YearLTA",10.68,"MAB","C"
2024-04-20,"minLTA",7.35,"MAB","C"
2024-04-20,"maxLTA",14.54,"MAB","C"
2024-04-21,"Year",6.88,"MAB","C"
2024-04-21,"YearLTA",10.85,"MAB","C"
2024-04-21,"minLTA",5.93,"MAB","C"
2024-04-21,"maxLTA",14.54,"MAB","C"
2024-04-22,"Year",6.18,"MAB","C"
2024-04-22,"YearLTA",10.78,"MAB","C"
2024-04-22,"minLTA",5.9,"MAB","C"
2024-04-22,"maxLTA",14.15,"MAB","C"
2024-04-23,"Year",5.05,"MAB","C"
2024-04-23,"YearLTA",11.02,"MAB","C"
2024-04-23,"minLTA",6.31,"MAB","C"
2024-04-23,"maxLTA",14.23,"MAB","C"
2024-04-24,"Year",6.9,"MAB","C"
2024-04-24,"YearLTA",11.04,"MAB","C"
2024-04-24,"minLTA",6.22,"MAB","C"
2024-04-24,"maxLTA",13.88,"MAB","C"
2024-04-25,"Year",7.11,"MAB","C"
2024-04-25,"YearLTA",11.06,"MAB","C"
2024-04-25,"minLTA",5.85,"MAB","C"
2024-04-25,"maxLTA",13.92,"MAB","C"
2024-04-26,"Year",7.29,"MAB","C"
2024-04-26,"YearLTA",10.85,"MAB","C"
2024-04-26,"minLTA",4.71,"MAB","C"
2024-04-26,"maxLTA",13.93,"MAB","C"
2024-04-27,"Year",6.95,"MAB","C"
2024-04-27,"YearLTA",10.77,"MAB","C"
2024-04-27,"minLTA",4.75,"MAB","C"
2024-04-27,"maxLTA",14.06,"MAB","C"
2024-04-28,"Year",6.71,"MAB","C"
2024-04-28,"YearLTA",10.52,"MAB","C"
2024-04-28,"minLTA",5.13,"MAB","C"
2024-04-28,"maxLTA",14.37,"MAB","C"
2024-04-29,"Year",6.8,"MAB","C"
2024-04-29,"YearLTA",10.38,"MAB","C"
2024-04-29,"minLTA",5.54,"MAB","C"
2024-04-29,"maxLTA",14.36,"MAB","C"
2024-04-30,"Year",7.03,"MAB","C"
2024-04-30,"YearLTA",10.51,"MAB","C"
2024-04-30,"minLTA",5.69,"MAB","C"
2024-04-30,"maxLTA",14.14,"MAB","C"
2024-05-01,"Year",6.77,"MAB","C"
2024-05-01,"YearLTA",10.49,"MAB","C"
2024-05-01,"minLTA",5.76,"MAB","C"
2024-05-01,"maxLTA",14.18,"MAB","C"
2024-05-02,"Year",6.83,"MAB","C"
2024-05-02,"YearLTA",10.6,"MAB","C"
2024-05-02,"minLTA",5.76,"MAB","C"
2024-05-02,"maxLTA",13.21,"MAB","C"
2024-05-03,"Year",7.01,"MAB","C"
2024-05-03,"YearLTA",10.45,"MAB","C"
2024-05-03,"minLTA",5.62,"MAB","C"
2024-05-03,"maxLTA",13.21,"MAB","C"
2024-05-04,"Year",7.29,"MAB","C"
2024-05-04,"YearLTA",9.96,"MAB","C"
2024-05-04,"minLTA",5.41,"MAB","C"
2024-05-04,"maxLTA",13.07,"MAB","C"
2024-05-05,"Year",7.28,"MAB","C"
2024-05-05,"YearLTA",10.08,"MAB","C"
2024-05-05,"minLTA",5.78,"MAB","C"
2024-05-05,"maxLTA",13.33,"MAB","C"
2024-05-06,"Year",6.81,"MAB","C"
2024-05-06,"YearLTA",9.79,"MAB","C"
2024-05-06,"minLTA",5.47,"MAB","C"
2024-05-06,"maxLTA",13.7,"MAB","C"
2024-05-07,"Year",6.69,"MAB","C"
2024-05-07,"YearLTA",9.74,"MAB","C"
2024-05-07,"minLTA",4.41,"MAB","C"
2024-05-07,"maxLTA",13.17,"MAB","C"
2024-05-08,"Year",6.64,"MAB","C"
2024-05-08,"YearLTA",9.5,"MAB","C"
2024-05-08,"minLTA",4.84,"MAB","C"
2024-05-08,"maxLTA",12.99,"MAB","C"
2024-05-09,"Year",6.91,"MAB","C"
2024-05-09,"YearLTA",9.79,"MAB","C"
2024-05-09,"minLTA",5.44,"MAB","C"
2024-05-09,"maxLTA",13.08,"MAB","C"
2024-05-10,"Year",7.2,"MAB","C"
2024-05-10,"YearLTA",10.11,"MAB","C"
2024-05-10,"minLTA",5.71,"MAB","C"
2024-05-10,"maxLTA",13.14,"MAB","C"
2024-05-11,"Year",7.1,"MAB","C"
2024-05-11,"YearLTA",9.52,"MAB","C"
2024-05-11,"minLTA",3.21,"MAB","C"
2024-05-11,"maxLTA",13.24,"MAB","C"
2024-05-12,"Year",7.07,"MAB","C"
2024-05-12,"YearLTA",9.15,"MAB","C"
2024-05-12,"minLTA",3.35,"MAB","C"
2024-05-12,"maxLTA",12.83,"MAB","C"
2024-05-13,"Year",7.11,"MAB","C"
2024-05-13,"YearLTA",9.11,"MAB","C"
2024-05-13,"minLTA",3.83,"MAB","C"
2024-05-13,"maxLTA",12.6,"MAB","C"
2024-05-14,"Year",7.25,"MAB","C"
2024-05-14,"YearLTA",9.28,"MAB","C"
2024-05-14,"minLTA",4.65,"MAB","C"
2024-05-14,"maxLTA",12.34,"MAB","C"
2024-05-15,"Year",7.37,"MAB","C"
2024-05-15,"YearLTA",8.69,"MAB","C"
2024-05-15,"minLTA",4.69,"MAB","C"
2024-05-15,"maxLTA",13.16,"MAB","C"
2024-05-16,"Year",7.42,"MAB","C"
2024-05-16,"YearLTA",8.61,"MAB","C"
2024-05-16,"minLTA",4.69,"MAB","C"
2024-05-16,"maxLTA",13.17,"MAB","C"
2024-05-17,"Year",7.4,"MAB","C"
2024-05-17,"YearLTA",8.97,"MAB","C"
2024-05-17,"minLTA",5,"MAB","C"
2024-05-17,"maxLTA",12.91,"MAB","C"
2024-05-18,"Year",6.83,"MAB","C"
2024-05-18,"YearLTA",9.17,"MAB","C"
2024-05-18,"minLTA",4.74,"MAB","C"
2024-05-18,"maxLTA",13.12,"MAB","C"
2024-05-19,"Year",6.63,"MAB","C"
2024-05-19,"YearLTA",9.16,"MAB","C"
2024-05-19,"minLTA",4.55,"MAB","C"
2024-05-19,"maxLTA",13.26,"MAB","C"
2024-05-20,"Year",6.29,"MAB","C"
2024-05-20,"YearLTA",9.4,"MAB","C"
2024-05-20,"minLTA",4.34,"MAB","C"
2024-05-20,"maxLTA",12.72,"MAB","C"
2024-05-21,"Year",6.29,"MAB","C"
2024-05-21,"YearLTA",9.45,"MAB","C"
2024-05-21,"minLTA",4.28,"MAB","C"
2024-05-21,"maxLTA",13.35,"MAB","C"
2024-05-22,"Year",NA,"MAB","C"
2024-05-22,"YearLTA",9.38,"MAB","C"
2024-05-22,"minLTA",3.74,"MAB","C"
2024-05-22,"maxLTA",14.03,"MAB","C"
2024-05-23,"Year",7.18,"MAB","C"
2024-05-23,"YearLTA",9.17,"MAB","C"
2024-05-23,"minLTA",3.78,"MAB","C"
2024-05-23,"maxLTA",14.59,"MAB","C"
2024-05-24,"Year",NA,"MAB","C"
2024-05-24,"YearLTA",9.12,"MAB","C"
2024-05-24,"minLTA",3.81,"MAB","C"
2024-05-24,"maxLTA",12.73,"MAB","C"
2024-05-25,"Year",7.12,"MAB","C"
2024-05-25,"YearLTA",9.1,"MAB","C"
2024-05-25,"minLTA",3.79,"MAB","C"
2024-05-25,"maxLTA",12.74,"MAB","C"
2024-05-26,"Year",7.03,"MAB","C"
2024-05-26,"YearLTA",9.01,"MAB","C"
2024-05-26,"minLTA",4.05,"MAB","C"
2024-05-26,"maxLTA",13,"MAB","C"
2024-05-27,"Year",NA,"MAB","C"
2024-05-27,"YearLTA",8.85,"MAB","C"
2024-05-27,"minLTA",3.96,"MAB","C"
2024-05-27,"maxLTA",13.57,"MAB","C"
2024-05-28,"Year",NA,"MAB","C"
2024-05-28,"YearLTA",9.07,"MAB","C"
2024-05-28,"minLTA",4.26,"MAB","C"
2024-05-28,"maxLTA",13.89,"MAB","C"
2024-05-29,"Year",NA,"MAB","C"
2024-05-29,"YearLTA",9.37,"MAB","C"
2024-05-29,"minLTA",4.09,"MAB","C"
2024-05-29,"maxLTA",13.99,"MAB","C"
2024-05-30,"Year",NA,"MAB","C"
2024-05-30,"YearLTA",9.42,"MAB","C"
2024-05-30,"minLTA",3.52,"MAB","C"
2024-05-30,"maxLTA",13.83,"MAB","C"
2024-05-31,"Year",NA,"MAB","C"
2024-05-31,"YearLTA",9.34,"MAB","C"
2024-05-31,"minLTA",3.4,"MAB","C"
2024-05-31,"maxLTA",13.96,"MAB","C"
2024-06-01,"Year",NA,"MAB","C"
2024-06-01,"YearLTA",9.04,"MAB","C"
2024-06-01,"minLTA",2.86,"MAB","C"
2024-06-01,"maxLTA",13.94,"MAB","C"
2024-06-02,"Year",NA,"MAB","C"
2024-06-02,"YearLTA",8.8,"MAB","C"
2024-06-02,"minLTA",2.61,"MAB","C"
2024-06-02,"maxLTA",13.96,"MAB","C"
2024-06-03,"Year",NA,"MAB","C"
2024-06-03,"YearLTA",9.18,"MAB","C"
2024-06-03,"minLTA",2.31,"MAB","C"
2024-06-03,"maxLTA",13.98,"MAB","C"
2024-06-04,"Year",NA,"MAB","C"
2024-06-04,"YearLTA",9.41,"MAB","C"
2024-06-04,"minLTA",2.07,"MAB","C"
2024-06-04,"maxLTA",13.85,"MAB","C"
2024-06-05,"Year",NA,"MAB","C"
2024-06-05,"YearLTA",9.15,"MAB","C"
2024-06-05,"minLTA",1.99,"MAB","C"
2024-06-05,"maxLTA",14.02,"MAB","C"
2024-06-06,"Year",NA,"MAB","C"
2024-06-06,"YearLTA",9.19,"MAB","C"
2024-06-06,"minLTA",1.97,"MAB","C"
2024-06-06,"maxLTA",13.92,"MAB","C"
2024-06-07,"Year",NA,"MAB","C"
2024-06-07,"YearLTA",9.86,"MAB","C"
2024-06-07,"minLTA",2.17,"MAB","C"
2024-06-07,"maxLTA",13.91,"MAB","C"
2024-06-08,"Year",NA,"MAB","C"
2024-06-08,"YearLTA",10.76,"MAB","C"
2024-06-08,"minLTA",6.25,"MAB","C"
2024-06-08,"maxLTA",13.99,"MAB","C"
2024-06-09,"Year",NA,"MAB","C"
2024-06-09,"YearLTA",10.73,"MAB","C"
2024-06-09,"minLTA",6.24,"MAB","C"
2024-06-09,"maxLTA",14,"MAB","C"
2024-06-10,"Year",NA,"MAB","C"
2024-06-10,"YearLTA",10.65,"MAB","C"
2024-06-10,"minLTA",6.57,"MAB","C"
2024-06-10,"maxLTA",13.86,"MAB","C"
2024-06-11,"Year",8.17,"MAB","C"
2024-06-11,"YearLTA",11.31,"MAB","C"
2024-06-11,"minLTA",8.26,"MAB","C"
2024-06-11,"maxLTA",15.79,"MAB","C"
2024-06-12,"Year",7.96,"MAB","C"
2024-06-12,"YearLTA",11.08,"MAB","C"
2024-06-12,"minLTA",6.4,"MAB","C"
2024-06-12,"maxLTA",14.09,"MAB","C"
2024-06-13,"Year",7.82,"MAB","C"
2024-06-13,"YearLTA",10.82,"MAB","C"
2024-06-13,"minLTA",6.07,"MAB","C"
2024-06-13,"maxLTA",14.15,"MAB","C"
2024-06-14,"Year",8.49,"MAB","C"
2024-06-14,"YearLTA",11.17,"MAB","C"
2024-06-14,"minLTA",6.28,"MAB","C"
2024-06-14,"maxLTA",14.64,"MAB","C"
2024-06-15,"Year",8.68,"MAB","C"
2024-06-15,"YearLTA",10.99,"MAB","C"
2024-06-15,"minLTA",5.16,"MAB","C"
2024-06-15,"maxLTA",14.48,"MAB","C"
2024-06-16,"Year",8.61,"MAB","C"
2024-06-16,"YearLTA",10.49,"MAB","C"
2024-06-16,"minLTA",5.06,"MAB","C"
2024-06-16,"maxLTA",14.42,"MAB","C"
2024-06-17,"Year",9.1,"MAB","C"
2024-06-17,"YearLTA",10.84,"MAB","C"
2024-06-17,"minLTA",6.34,"MAB","C"
2024-06-17,"maxLTA",14.55,"MAB","C"
2024-06-18,"Year",9.42,"MAB","C"
2024-06-18,"YearLTA",10.74,"MAB","C"
2024-06-18,"minLTA",6.36,"MAB","C"
2024-06-18,"maxLTA",14.5,"MAB","C"
2024-06-19,"Year",9.41,"MAB","C"
2024-06-19,"YearLTA",10.51,"MAB","C"
2024-06-19,"minLTA",6.4,"MAB","C"
2024-06-19,"maxLTA",14.44,"MAB","C"
2024-06-20,"Year",9.33,"MAB","C"
2024-06-20,"YearLTA",10.58,"MAB","C"
2024-06-20,"minLTA",6.6,"MAB","C"
2024-06-20,"maxLTA",14.37,"MAB","C"
2024-06-21,"Year",9.47,"MAB","C"
2024-06-21,"YearLTA",10.84,"MAB","C"
2024-06-21,"minLTA",6.38,"MAB","C"
2024-06-21,"maxLTA",14.91,"MAB","C"
2024-06-22,"Year",9.64,"MAB","C"
2024-06-22,"YearLTA",10.93,"MAB","C"
2024-06-22,"minLTA",6.51,"MAB","C"
2024-06-22,"maxLTA",15.17,"MAB","C"
2024-06-23,"Year",9.71,"MAB","C"
2024-06-23,"YearLTA",10.87,"MAB","C"
2024-06-23,"minLTA",7.1,"MAB","C"
2024-06-23,"maxLTA",15.06,"MAB","C"
2024-06-24,"Year",9.51,"MAB","C"
2024-06-24,"YearLTA",10.67,"MAB","C"
2024-06-24,"minLTA",7.23,"MAB","C"
2024-06-24,"maxLTA",14.67,"MAB","C"
2024-06-25,"Year",9.58,"MAB","C"
2024-06-25,"YearLTA",10.83,"MAB","C"
2024-06-25,"minLTA",7.19,"MAB","C"
2024-06-25,"maxLTA",14.34,"MAB","C"
2024-06-26,"Year",9.68,"MAB","C"
2024-06-26,"YearLTA",11.07,"MAB","C"
2024-06-26,"minLTA",6.68,"MAB","C"
2024-06-26,"maxLTA",14.47,"MAB","C"
2024-06-27,"Year",9.71,"MAB","C"
2024-06-27,"YearLTA",11.36,"MAB","C"
2024-06-27,"minLTA",6.31,"MAB","C"
2024-06-27,"maxLTA",14.65,"MAB","C"
2024-06-28,"Year",9.86,"MAB","C"
2024-06-28,"YearLTA",11.29,"MAB","C"
2024-06-28,"minLTA",6.52,"MAB","C"
2024-06-28,"maxLTA",14.86,"MAB","C"
2024-06-29,"Year",9.93,"MAB","C"
2024-06-29,"YearLTA",11.25,"MAB","C"
2024-06-29,"minLTA",5.8,"MAB","C"
2024-06-29,"maxLTA",14.86,"MAB","C"
2024-06-30,"Year",9.71,"MAB","C"
2024-06-30,"YearLTA",11.28,"MAB","C"
2024-06-30,"minLTA",5.96,"MAB","C"
2024-06-30,"maxLTA",14.88,"MAB","C"
2024-07-01,"Year",9.8,"MAB","C"
2024-07-01,"YearLTA",11.33,"MAB","C"
2024-07-01,"minLTA",5.99,"MAB","C"
2024-07-01,"maxLTA",15,"MAB","C"
2024-07-02,"Year",9.83,"MAB","C"
2024-07-02,"YearLTA",11.11,"MAB","C"
2024-07-02,"minLTA",6.06,"MAB","C"
2024-07-02,"maxLTA",15.09,"MAB","C"
2024-07-03,"Year",9.91,"MAB","C"
2024-07-03,"YearLTA",11.05,"MAB","C"
2024-07-03,"minLTA",6.04,"MAB","C"
2024-07-03,"maxLTA",15.03,"MAB","C"
2024-07-04,"Year",9.94,"MAB","C"
2024-07-04,"YearLTA",11.17,"MAB","C"
2024-07-04,"minLTA",4.74,"MAB","C"
2024-07-04,"maxLTA",15.09,"MAB","C"
2024-07-05,"Year",9.84,"MAB","C"
2024-07-05,"YearLTA",11.25,"MAB","C"
2024-07-05,"minLTA",5.81,"MAB","C"
2024-07-05,"maxLTA",15.05,"MAB","C"
2024-07-06,"Year",9.95,"MAB","C"
2024-07-06,"YearLTA",11.63,"MAB","C"
2024-07-06,"minLTA",6.36,"MAB","C"
2024-07-06,"maxLTA",15.09,"MAB","C"
2024-07-07,"Year",9.97,"MAB","C"
2024-07-07,"YearLTA",11.54,"MAB","C"
2024-07-07,"minLTA",6.35,"MAB","C"
2024-07-07,"maxLTA",15.05,"MAB","C"
2024-07-08,"Year",9.89,"MAB","C"
2024-07-08,"YearLTA",12.05,"MAB","C"
2024-07-08,"minLTA",4.78,"MAB","C"
2024-07-08,"maxLTA",15.01,"MAB","C"
2024-07-09,"Year",9.93,"MAB","C"
2024-07-09,"YearLTA",11.97,"MAB","C"
2024-07-09,"minLTA",3.93,"MAB","C"
2024-07-09,"maxLTA",15,"MAB","C"
2024-07-10,"Year",10.07,"MAB","C"
2024-07-10,"YearLTA",11.87,"MAB","C"
2024-07-10,"minLTA",3.74,"MAB","C"
2024-07-10,"maxLTA",15.08,"MAB","C"
2024-07-11,"Year",10.48,"MAB","C"
2024-07-11,"YearLTA",11.75,"MAB","C"
2024-07-11,"minLTA",3.59,"MAB","C"
2024-07-11,"maxLTA",15.05,"MAB","C"
2024-07-12,"Year",10.45,"MAB","C"
2024-07-12,"YearLTA",11.74,"MAB","C"
2024-07-12,"minLTA",3.27,"MAB","C"
2024-07-12,"maxLTA",14.87,"MAB","C"
2024-07-13,"Year",10.42,"MAB","C"
2024-07-13,"YearLTA",11.57,"MAB","C"
2024-07-13,"minLTA",3.17,"MAB","C"
2024-07-13,"maxLTA",14.9,"MAB","C"
2024-07-14,"Year",10.28,"MAB","C"
2024-07-14,"YearLTA",11.52,"MAB","C"
2024-07-14,"minLTA",2.87,"MAB","C"
2024-07-14,"maxLTA",14.63,"MAB","C"
2024-07-15,"Year",10.28,"MAB","C"
2024-07-15,"YearLTA",10.95,"MAB","C"
2024-07-15,"minLTA",2.9,"MAB","C"
2024-07-15,"maxLTA",14.95,"MAB","C"
2024-07-16,"Year",10.26,"MAB","C"
2024-07-16,"YearLTA",11.87,"MAB","C"
2024-07-16,"minLTA",3.08,"MAB","C"
2024-07-16,"maxLTA",15.09,"MAB","C"
2024-07-17,"Year",10.19,"MAB","C"
2024-07-17,"YearLTA",12.35,"MAB","C"
2024-07-17,"minLTA",4.38,"MAB","C"
2024-07-17,"maxLTA",15.02,"MAB","C"
2024-07-18,"Year",10.2,"MAB","C"
2024-07-18,"YearLTA",12.23,"MAB","C"
2024-07-18,"minLTA",4.44,"MAB","C"
2024-07-18,"maxLTA",15.07,"MAB","C"
2024-07-19,"Year",10.23,"MAB","C"
2024-07-19,"YearLTA",12.03,"MAB","C"
2024-07-19,"minLTA",4.62,"MAB","C"
2024-07-19,"maxLTA",15.07,"MAB","C"
2024-07-20,"Year",10.21,"MAB","C"
2024-07-20,"YearLTA",12.18,"MAB","C"
2024-07-20,"minLTA",7.57,"MAB","C"
2024-07-20,"maxLTA",14.93,"MAB","C"
2024-07-21,"Year",10.16,"MAB","C"
2024-07-21,"YearLTA",12.2,"MAB","C"
2024-07-21,"minLTA",8.82,"MAB","C"
2024-07-21,"maxLTA",14.85,"MAB","C"
2024-07-22,"Year",10.17,"MAB","C"
2024-07-22,"YearLTA",12.21,"MAB","C"
2024-07-22,"minLTA",8.78,"MAB","C"
2024-07-22,"maxLTA",14.87,"MAB","C"
2024-07-23,"Year",10.13,"MAB","C"
2024-07-23,"YearLTA",12.19,"MAB","C"
2024-07-23,"minLTA",8.8,"MAB","C"
2024-07-23,"maxLTA",14.85,"MAB","C"
2024-07-24,"Year",10.21,"MAB","C"
2024-07-24,"YearLTA",11.95,"MAB","C"
2024-07-24,"minLTA",8.89,"MAB","C"
2024-07-24,"maxLTA",14.51,"MAB","C"
2024-07-25,"Year",10.18,"MAB","C"
2024-07-25,"YearLTA",12.13,"MAB","C"
2024-07-25,"minLTA",8.81,"MAB","C"
2024-07-25,"maxLTA",14.65,"MAB","C"
2024-07-26,"Year",10.24,"MAB","C"
2024-07-26,"YearLTA",11.92,"MAB","C"
2024-07-26,"minLTA",8.7,"MAB","C"
2024-07-26,"maxLTA",14.69,"MAB","C"
2024-07-27,"Year",10.33,"MAB","C"
2024-07-27,"YearLTA",12.12,"MAB","C"
2024-07-27,"minLTA",8.32,"MAB","C"
2024-07-27,"maxLTA",15.05,"MAB","C"
2024-07-28,"Year",10.32,"MAB","C"
2024-07-28,"YearLTA",12.28,"MAB","C"
2024-07-28,"minLTA",8.4,"MAB","C"
2024-07-28,"maxLTA",15.03,"MAB","C"
2024-07-29,"Year",10.37,"MAB","C"
2024-07-29,"YearLTA",12.28,"MAB","C"
2024-07-29,"minLTA",8.36,"MAB","C"
2024-07-29,"maxLTA",15,"MAB","C"
2024-07-30,"Year",10.2,"MAB","C"
2024-07-30,"YearLTA",12.29,"MAB","C"
2024-07-30,"minLTA",7.6,"MAB","C"
2024-07-30,"maxLTA",15.02,"MAB","C"
2024-07-31,"Year",10.51,"MAB","C"
2024-07-31,"YearLTA",12.31,"MAB","C"
2024-07-31,"minLTA",5.6,"MAB","C"
2024-07-31,"maxLTA",15.02,"MAB","C"
2024-08-01,"Year",10.69,"MAB","C"
2024-08-01,"YearLTA",12.18,"MAB","C"
2024-08-01,"minLTA",4.68,"MAB","C"
2024-08-01,"maxLTA",15.14,"MAB","C"
2024-08-02,"Year",11.06,"MAB","C"
2024-08-02,"YearLTA",12.32,"MAB","C"
2024-08-02,"minLTA",5.97,"MAB","C"
2024-08-02,"maxLTA",15.03,"MAB","C"
2024-08-03,"Year",11.03,"MAB","C"
2024-08-03,"YearLTA",12.45,"MAB","C"
2024-08-03,"minLTA",6.75,"MAB","C"
2024-08-03,"maxLTA",15.05,"MAB","C"
2024-08-04,"Year",11.12,"MAB","C"
2024-08-04,"YearLTA",12.57,"MAB","C"
2024-08-04,"minLTA",6.75,"MAB","C"
2024-08-04,"maxLTA",15.13,"MAB","C"
2024-08-05,"Year",11.15,"MAB","C"
2024-08-05,"YearLTA",12.56,"MAB","C"
2024-08-05,"minLTA",6.82,"MAB","C"
2024-08-05,"maxLTA",15.4,"MAB","C"
2024-08-06,"Year",11.36,"MAB","C"
2024-08-06,"YearLTA",12.29,"MAB","C"
2024-08-06,"minLTA",6.96,"MAB","C"
2024-08-06,"maxLTA",15.19,"MAB","C"
2024-08-07,"Year",11.45,"MAB","C"
2024-08-07,"YearLTA",12.65,"MAB","C"
2024-08-07,"minLTA",6.62,"MAB","C"
2024-08-07,"maxLTA",15.43,"MAB","C"
2024-08-08,"Year",11.52,"MAB","C"
2024-08-08,"YearLTA",12.82,"MAB","C"
2024-08-08,"minLTA",7.23,"MAB","C"
2024-08-08,"maxLTA",15.43,"MAB","C"
2024-08-09,"Year",11.99,"MAB","C"
2024-08-09,"YearLTA",12.66,"MAB","C"
2024-08-09,"minLTA",6.54,"MAB","C"
2024-08-09,"maxLTA",15.18,"MAB","C"
2024-08-10,"Year",11.24,"MAB","C"
2024-08-10,"YearLTA",12.72,"MAB","C"
2024-08-10,"minLTA",6.16,"MAB","C"
2024-08-10,"maxLTA",15.15,"MAB","C"
2024-08-11,"Year",11.27,"MAB","C"
2024-08-11,"YearLTA",12.91,"MAB","C"
2024-08-11,"minLTA",4.92,"MAB","C"
2024-08-11,"maxLTA",15.16,"MAB","C"
2024-08-12,"Year",11,"MAB","C"
2024-08-12,"YearLTA",12.84,"MAB","C"
2024-08-12,"minLTA",5.16,"MAB","C"
2024-08-12,"maxLTA",15.14,"MAB","C"
2024-08-13,"Year",10.79,"MAB","C"
2024-08-13,"YearLTA",12.97,"MAB","C"
2024-08-13,"minLTA",5.24,"MAB","C"
2024-08-13,"maxLTA",15.45,"MAB","C"
2024-08-14,"Year",10.78,"MAB","C"
2024-08-14,"YearLTA",12.96,"MAB","C"
2024-08-14,"minLTA",5.54,"MAB","C"
2024-08-14,"maxLTA",15.57,"MAB","C"
2024-08-15,"Year",10.14,"MAB","C"
2024-08-15,"YearLTA",12.86,"MAB","C"
2024-08-15,"minLTA",5.47,"MAB","C"
2024-08-15,"maxLTA",15.53,"MAB","C"
2024-08-16,"Year",8.24,"MAB","C"
2024-08-16,"YearLTA",12.89,"MAB","C"
2024-08-16,"minLTA",5.43,"MAB","C"
2024-08-16,"maxLTA",15.56,"MAB","C"
2024-08-17,"Year",8.14,"MAB","C"
2024-08-17,"YearLTA",12.84,"MAB","C"
2024-08-17,"minLTA",5.64,"MAB","C"
2024-08-17,"maxLTA",15.54,"MAB","C"
2024-08-18,"Year",9.76,"MAB","C"
2024-08-18,"YearLTA",12.96,"MAB","C"
2024-08-18,"minLTA",5.74,"MAB","C"
2024-08-18,"maxLTA",15.4,"MAB","C"
2024-08-19,"Year",9.61,"MAB","C"
2024-08-19,"YearLTA",13.2,"MAB","C"
2024-08-19,"minLTA",5.29,"MAB","C"
2024-08-19,"maxLTA",15.26,"MAB","C"
2024-08-20,"Year",9.77,"MAB","C"
2024-08-20,"YearLTA",12.99,"MAB","C"
2024-08-20,"minLTA",5.46,"MAB","C"
2024-08-20,"maxLTA",14.93,"MAB","C"
2024-08-21,"Year",9.91,"MAB","C"
2024-08-21,"YearLTA",12.94,"MAB","C"
2024-08-21,"minLTA",4.31,"MAB","C"
2024-08-21,"maxLTA",14.94,"MAB","C"
2024-08-22,"Year",9.38,"MAB","C"
2024-08-22,"YearLTA",13.1,"MAB","C"
2024-08-22,"minLTA",4.41,"MAB","C"
2024-08-22,"maxLTA",14.95,"MAB","C"
2024-08-23,"Year",9.02,"MAB","C"
2024-08-23,"YearLTA",13.16,"MAB","C"
2024-08-23,"minLTA",4.18,"MAB","C"
2024-08-23,"maxLTA",14.95,"MAB","C"
2024-08-24,"Year",8.94,"MAB","C"
2024-08-24,"YearLTA",13.1,"MAB","C"
2024-08-24,"minLTA",4.28,"MAB","C"
2024-08-24,"maxLTA",14.8,"MAB","C"
2024-08-25,"Year",8.93,"MAB","C"
2024-08-25,"YearLTA",13.1,"MAB","C"
2024-08-25,"minLTA",4.56,"MAB","C"
2024-08-25,"maxLTA",15.97,"MAB","C"
2024-08-26,"Year",9.39,"MAB","C"
2024-08-26,"YearLTA",13.15,"MAB","C"
2024-08-26,"minLTA",4.66,"MAB","C"
2024-08-26,"maxLTA",15.9,"MAB","C"
2024-08-27,"Year",9.56,"MAB","C"
2024-08-27,"YearLTA",13.2,"MAB","C"
2024-08-27,"minLTA",4.63,"MAB","C"
2024-08-27,"maxLTA",15.77,"MAB","C"
2024-08-28,"Year",9.72,"MAB","C"
2024-08-28,"YearLTA",13.24,"MAB","C"
2024-08-28,"minLTA",5.33,"MAB","C"
2024-08-28,"maxLTA",15.91,"MAB","C"
2024-08-29,"Year",9.77,"MAB","C"
2024-08-29,"YearLTA",13.41,"MAB","C"
2024-08-29,"minLTA",6.22,"MAB","C"
2024-08-29,"maxLTA",16.05,"MAB","C"
2024-08-30,"Year",9.91,"MAB","C"
2024-08-30,"YearLTA",13.15,"MAB","C"
2024-08-30,"minLTA",6.66,"MAB","C"
2024-08-30,"maxLTA",16.08,"MAB","C"
2024-08-31,"Year",9.77,"MAB","C"
2024-08-31,"YearLTA",12.85,"MAB","C"
2024-08-31,"minLTA",6.71,"MAB","C"
2024-08-31,"maxLTA",15.87,"MAB","C"
2024-09-01,"Year",9.73,"MAB","C"
2024-09-01,"YearLTA",12.88,"MAB","C"
2024-09-01,"minLTA",6.83,"MAB","C"
2024-09-01,"maxLTA",15.92,"MAB","C"
2024-09-02,"Year",10.17,"MAB","C"
2024-09-02,"YearLTA",12.86,"MAB","C"
2024-09-02,"minLTA",7.3,"MAB","C"
2024-09-02,"maxLTA",16.19,"MAB","C"
2024-09-03,"Year",10.59,"MAB","C"
2024-09-03,"YearLTA",12.76,"MAB","C"
2024-09-03,"minLTA",5.25,"MAB","C"
2024-09-03,"maxLTA",16.79,"MAB","C"
2024-09-04,"Year",10.88,"MAB","C"
2024-09-04,"YearLTA",12.57,"MAB","C"
2024-09-04,"minLTA",4.63,"MAB","C"
2024-09-04,"maxLTA",17.59,"MAB","C"
2024-09-05,"Year",10.91,"MAB","C"
2024-09-05,"YearLTA",12.59,"MAB","C"
2024-09-05,"minLTA",4.63,"MAB","C"
2024-09-05,"maxLTA",16.89,"MAB","C"
2024-09-06,"Year",11.4,"MAB","C"
2024-09-06,"YearLTA",12.85,"MAB","C"
2024-09-06,"minLTA",4.33,"MAB","C"
2024-09-06,"maxLTA",16.27,"MAB","C"
2024-09-07,"Year",11.32,"MAB","C"
2024-09-07,"YearLTA",12.89,"MAB","C"
2024-09-07,"minLTA",4.31,"MAB","C"
2024-09-07,"maxLTA",16.27,"MAB","C"
2024-09-08,"Year",11.08,"MAB","C"
2024-09-08,"YearLTA",13.12,"MAB","C"
2024-09-08,"minLTA",4.43,"MAB","C"
2024-09-08,"maxLTA",16.38,"MAB","C"
2024-09-09,"Year",10.88,"MAB","C"
2024-09-09,"YearLTA",13.15,"MAB","C"
2024-09-09,"minLTA",4.26,"MAB","C"
2024-09-09,"maxLTA",16.18,"MAB","C"
2024-09-10,"Year",10.84,"MAB","C"
2024-09-10,"YearLTA",12.9,"MAB","C"
2024-09-10,"minLTA",1.94,"MAB","C"
2024-09-10,"maxLTA",16.61,"MAB","C"
2024-09-11,"Year",10.87,"MAB","C"
2024-09-11,"YearLTA",12.58,"MAB","C"
2024-09-11,"minLTA",1.34,"MAB","C"
2024-09-11,"maxLTA",16.51,"MAB","C"
2024-09-12,"Year",10.91,"MAB","C"
2024-09-12,"YearLTA",12.23,"MAB","C"
2024-09-12,"minLTA",1.22,"MAB","C"
2024-09-12,"maxLTA",16.59,"MAB","C"
2024-09-13,"Year",11.32,"MAB","C"
2024-09-13,"YearLTA",12.13,"MAB","C"
2024-09-13,"minLTA",1.31,"MAB","C"
2024-09-13,"maxLTA",17.12,"MAB","C"
2024-09-14,"Year",11.48,"MAB","C"
2024-09-14,"YearLTA",12.57,"MAB","C"
2024-09-14,"minLTA",1.48,"MAB","C"
2024-09-14,"maxLTA",17.19,"MAB","C"
2024-09-15,"Year",11.67,"MAB","C"
2024-09-15,"YearLTA",13.1,"MAB","C"
2024-09-15,"minLTA",2.69,"MAB","C"
2024-09-15,"maxLTA",17.3,"MAB","C"
2024-09-16,"Year",12.09,"MAB","C"
2024-09-16,"YearLTA",13.35,"MAB","C"
2024-09-16,"minLTA",4.05,"MAB","C"
2024-09-16,"maxLTA",17.34,"MAB","C"
2024-09-17,"Year",12.79,"MAB","C"
2024-09-17,"YearLTA",13.26,"MAB","C"
2024-09-17,"minLTA",3.87,"MAB","C"
2024-09-17,"maxLTA",17.48,"MAB","C"
2024-09-18,"Year",13.42,"MAB","C"
2024-09-18,"YearLTA",13.32,"MAB","C"
2024-09-18,"minLTA",4.3,"MAB","C"
2024-09-18,"maxLTA",17.6,"MAB","C"
2024-09-19,"Year",13.25,"MAB","C"
2024-09-19,"YearLTA",13.37,"MAB","C"
2024-09-19,"minLTA",4.13,"MAB","C"
2024-09-19,"maxLTA",17.57,"MAB","C"
2024-09-20,"Year",12.65,"MAB","C"
2024-09-20,"YearLTA",13.22,"MAB","C"
2024-09-20,"minLTA",4.71,"MAB","C"
2024-09-20,"maxLTA",17.61,"MAB","C"
2024-09-21,"Year",12.43,"MAB","C"
2024-09-21,"YearLTA",13.23,"MAB","C"
2024-09-21,"minLTA",4.97,"MAB","C"
2024-09-21,"maxLTA",17.67,"MAB","C"
2024-09-22,"Year",12.33,"MAB","C"
2024-09-22,"YearLTA",13.53,"MAB","C"
2024-09-22,"minLTA",5.07,"MAB","C"
2024-09-22,"maxLTA",17.61,"MAB","C"
2024-09-23,"Year",12.97,"MAB","C"
2024-09-23,"YearLTA",13.94,"MAB","C"
2024-09-23,"minLTA",5.15,"MAB","C"
2024-09-23,"maxLTA",18.64,"MAB","C"
2024-09-24,"Year",13.36,"MAB","C"
2024-09-24,"YearLTA",13.7,"MAB","C"
2024-09-24,"minLTA",5,"MAB","C"
2024-09-24,"maxLTA",18.92,"MAB","C"
2024-09-25,"Year",13.54,"MAB","C"
2024-09-25,"YearLTA",13.44,"MAB","C"
2024-09-25,"minLTA",5.08,"MAB","C"
2024-09-25,"maxLTA",17.76,"MAB","C"
2024-09-26,"Year",13.74,"MAB","C"
2024-09-26,"YearLTA",13.63,"MAB","C"
2024-09-26,"minLTA",4.75,"MAB","C"
2024-09-26,"maxLTA",17.54,"MAB","C"
2024-09-27,"Year",13.68,"MAB","C"
2024-09-27,"YearLTA",13.4,"MAB","C"
2024-09-27,"minLTA",4.38,"MAB","C"
2024-09-27,"maxLTA",17.67,"MAB","C"
2024-09-28,"Year",13.66,"MAB","C"
2024-09-28,"YearLTA",12.78,"MAB","C"
2024-09-28,"minLTA",3.91,"MAB","C"
2024-09-28,"maxLTA",17.25,"MAB","C"
2024-09-29,"Year",13.53,"MAB","C"
2024-09-29,"YearLTA",12.76,"MAB","C"
2024-09-29,"minLTA",4.19,"MAB","C"
2024-09-29,"maxLTA",17.27,"MAB","C"
2024-09-30,"Year",13.8,"MAB","C"
2024-09-30,"YearLTA",13.28,"MAB","C"
2024-09-30,"minLTA",4.16,"MAB","C"
2024-09-30,"maxLTA",17.33,"MAB","C"
2024-10-01,"Year",13.88,"MAB","C"
2024-10-01,"YearLTA",13.48,"MAB","C"
2024-10-01,"minLTA",4.23,"MAB","C"
2024-10-01,"maxLTA",17.45,"MAB","C"
2024-10-02,"Year",13.9,"MAB","C"
2024-10-02,"YearLTA",13.12,"MAB","C"
2024-10-02,"minLTA",4.27,"MAB","C"
2024-10-02,"maxLTA",17.99,"MAB","C"
2024-10-03,"Year",13.92,"MAB","C"
2024-10-03,"YearLTA",12.39,"MAB","C"
2024-10-03,"minLTA",4.59,"MAB","C"
2024-10-03,"maxLTA",18.55,"MAB","C"
2024-10-04,"Year",13.59,"MAB","C"
2024-10-04,"YearLTA",12.36,"MAB","C"
2024-10-04,"minLTA",4.29,"MAB","C"
2024-10-04,"maxLTA",18.51,"MAB","C"
2024-10-05,"Year",13.69,"MAB","C"
2024-10-05,"YearLTA",12.46,"MAB","C"
2024-10-05,"minLTA",6.35,"MAB","C"
2024-10-05,"maxLTA",18.08,"MAB","C"
2024-10-06,"Year",13.86,"MAB","C"
2024-10-06,"YearLTA",12.78,"MAB","C"
2024-10-06,"minLTA",6.43,"MAB","C"
2024-10-06,"maxLTA",18.02,"MAB","C"
2024-10-07,"Year",14.08,"MAB","C"
2024-10-07,"YearLTA",13.08,"MAB","C"
2024-10-07,"minLTA",5.07,"MAB","C"
2024-10-07,"maxLTA",17.49,"MAB","C"
2024-10-08,"Year",14.26,"MAB","C"
2024-10-08,"YearLTA",13.05,"MAB","C"
2024-10-08,"minLTA",4.92,"MAB","C"
2024-10-08,"maxLTA",17.67,"MAB","C"
2024-10-09,"Year",14.35,"MAB","C"
2024-10-09,"YearLTA",12.97,"MAB","C"
2024-10-09,"minLTA",4.52,"MAB","C"
2024-10-09,"maxLTA",17.96,"MAB","C"
2024-10-10,"Year",15.02,"MAB","C"
2024-10-10,"YearLTA",13.34,"MAB","C"
2024-10-10,"minLTA",4.74,"MAB","C"
2024-10-10,"maxLTA",16.95,"MAB","C"
2024-10-11,"Year",15.12,"MAB","C"
2024-10-11,"YearLTA",13.38,"MAB","C"
2024-10-11,"minLTA",4.76,"MAB","C"
2024-10-11,"maxLTA",17.04,"MAB","C"
2024-10-12,"Year",14.83,"MAB","C"
2024-10-12,"YearLTA",13.8,"MAB","C"
2024-10-12,"minLTA",5.64,"MAB","C"
2024-10-12,"maxLTA",17.13,"MAB","C"
2024-10-13,"Year",14.72,"MAB","C"
2024-10-13,"YearLTA",13.8,"MAB","C"
2024-10-13,"minLTA",5.69,"MAB","C"
2024-10-13,"maxLTA",17.17,"MAB","C"
2024-10-14,"Year",15.41,"MAB","C"
2024-10-14,"YearLTA",13.81,"MAB","C"
2024-10-14,"minLTA",5.5,"MAB","C"
2024-10-14,"maxLTA",17.23,"MAB","C"
2024-10-15,"Year",15.61,"MAB","C"
2024-10-15,"YearLTA",14.23,"MAB","C"
2024-10-15,"minLTA",6.15,"MAB","C"
2024-10-15,"maxLTA",17.83,"MAB","C"
2024-10-16,"Year",15.92,"MAB","C"
2024-10-16,"YearLTA",14.17,"MAB","C"
2024-10-16,"minLTA",7.03,"MAB","C"
2024-10-16,"maxLTA",18.03,"MAB","C"
2024-10-17,"Year",16.44,"MAB","C"
2024-10-17,"YearLTA",14.46,"MAB","C"
2024-10-17,"minLTA",7.29,"MAB","C"
2024-10-17,"maxLTA",17.82,"MAB","C"
2024-10-18,"Year",16.63,"MAB","C"
2024-10-18,"YearLTA",14.75,"MAB","C"
2024-10-18,"minLTA",7.32,"MAB","C"
2024-10-18,"maxLTA",17.89,"MAB","C"
2024-10-19,"Year",16.83,"MAB","C"
2024-10-19,"YearLTA",14.8,"MAB","C"
2024-10-19,"minLTA",7.45,"MAB","C"
2024-10-19,"maxLTA",17.99,"MAB","C"
2024-10-20,"Year",16.79,"MAB","C"
2024-10-20,"YearLTA",14.92,"MAB","C"
2024-10-20,"minLTA",7.18,"MAB","C"
2024-10-20,"maxLTA",18.29,"MAB","C"
2024-10-21,"Year",16.54,"MAB","C"
2024-10-21,"YearLTA",14.85,"MAB","C"
2024-10-21,"minLTA",7.2,"MAB","C"
2024-10-21,"maxLTA",18.12,"MAB","C"
2024-10-22,"Year",16.43,"MAB","C"
2024-10-22,"YearLTA",15.26,"MAB","C"
2024-10-22,"minLTA",7.11,"MAB","C"
2024-10-22,"maxLTA",18.37,"MAB","C"
2024-10-23,"Year",16.34,"MAB","C"
2024-10-23,"YearLTA",15.18,"MAB","C"
2024-10-23,"minLTA",7.46,"MAB","C"
2024-10-23,"maxLTA",18.44,"MAB","C"
2024-10-24,"Year",16.45,"MAB","C"
2024-10-24,"YearLTA",15.23,"MAB","C"
2024-10-24,"minLTA",7.25,"MAB","C"
2024-10-24,"maxLTA",18.63,"MAB","C"
2024-10-25,"Year",16.68,"MAB","C"
2024-10-25,"YearLTA",15.22,"MAB","C"
2024-10-25,"minLTA",7.2,"MAB","C"
2024-10-25,"maxLTA",18.67,"MAB","C"
2024-10-26,"Year",16.76,"MAB","C"
2024-10-26,"YearLTA",15.14,"MAB","C"
2024-10-26,"minLTA",7.38,"MAB","C"
2024-10-26,"maxLTA",18.59,"MAB","C"
2024-10-27,"Year",16.68,"MAB","C"
2024-10-27,"YearLTA",15.27,"MAB","C"
2024-10-27,"minLTA",7.47,"MAB","C"
2024-10-27,"maxLTA",18.58,"MAB","C"
2024-10-28,"Year",16.83,"MAB","C"
2024-10-28,"YearLTA",15.37,"MAB","C"
2024-10-28,"minLTA",6.63,"MAB","C"
2024-10-28,"maxLTA",18.54,"MAB","C"
2024-10-29,"Year",16.81,"MAB","C"
2024-10-29,"YearLTA",15.59,"MAB","C"
2024-10-29,"minLTA",6.31,"MAB","C"
2024-10-29,"maxLTA",18.57,"MAB","C"
2024-10-30,"Year",16.61,"MAB","C"
2024-10-30,"YearLTA",15.54,"MAB","C"
2024-10-30,"minLTA",6.5,"MAB","C"
2024-10-30,"maxLTA",18.79,"MAB","C"
2024-10-31,"Year",16.62,"MAB","C"
2024-10-31,"YearLTA",15.33,"MAB","C"
2024-10-31,"minLTA",6.36,"MAB","C"
2024-10-31,"maxLTA",18.75,"MAB","C"
2024-11-01,"Year",16.64,"MAB","C"
2024-11-01,"YearLTA",15.12,"MAB","C"
2024-11-01,"minLTA",6.35,"MAB","C"
2024-11-01,"maxLTA",18.89,"MAB","C"
2024-11-02,"Year",16.59,"MAB","C"
2024-11-02,"YearLTA",15.15,"MAB","C"
2024-11-02,"minLTA",6.06,"MAB","C"
2024-11-02,"maxLTA",18.93,"MAB","C"
2024-11-03,"Year",16.78,"MAB","C"
2024-11-03,"YearLTA",15.16,"MAB","C"
2024-11-03,"minLTA",5.99,"MAB","C"
2024-11-03,"maxLTA",18.68,"MAB","C"
2024-11-04,"Year",16.81,"MAB","C"
2024-11-04,"YearLTA",15.06,"MAB","C"
2024-11-04,"minLTA",6.19,"MAB","C"
2024-11-04,"maxLTA",18.66,"MAB","C"
2024-11-05,"Year",16.81,"MAB","C"
2024-11-05,"YearLTA",15.22,"MAB","C"
2024-11-05,"minLTA",6,"MAB","C"
2024-11-05,"maxLTA",18.53,"MAB","C"
2024-11-06,"Year",16.81,"MAB","C"
2024-11-06,"YearLTA",15.09,"MAB","C"
2024-11-06,"minLTA",6.42,"MAB","C"
2024-11-06,"maxLTA",18.53,"MAB","C"
2024-11-07,"Year",16.57,"MAB","C"
2024-11-07,"YearLTA",14.82,"MAB","C"
2024-11-07,"minLTA",5.64,"MAB","C"
2024-11-07,"maxLTA",18.75,"MAB","C"
2024-11-08,"Year",16.57,"MAB","C"
2024-11-08,"YearLTA",14.61,"MAB","C"
2024-11-08,"minLTA",5.04,"MAB","C"
2024-11-08,"maxLTA",18.52,"MAB","C"
2024-11-09,"Year",16.96,"MAB","C"
2024-11-09,"YearLTA",14.45,"MAB","C"
2024-11-09,"minLTA",5.7,"MAB","C"
2024-11-09,"maxLTA",18.64,"MAB","C"
2024-11-10,"Year",16.89,"MAB","C"
2024-11-10,"YearLTA",14.4,"MAB","C"
2024-11-10,"minLTA",4.46,"MAB","C"
2024-11-10,"maxLTA",18.75,"MAB","C"
2024-11-11,"Year",16.79,"MAB","C"
2024-11-11,"YearLTA",14.4,"MAB","C"
2024-11-11,"minLTA",4.25,"MAB","C"
2024-11-11,"maxLTA",18.63,"MAB","C"
2024-11-12,"Year",16.89,"MAB","C"
2024-11-12,"YearLTA",14.39,"MAB","C"
2024-11-12,"minLTA",4.31,"MAB","C"
2024-11-12,"maxLTA",18.48,"MAB","C"
2024-11-13,"Year",17.29,"MAB","C"
2024-11-13,"YearLTA",14.58,"MAB","C"
2024-11-13,"minLTA",4.38,"MAB","C"
2024-11-13,"maxLTA",18.57,"MAB","C"
2024-11-14,"Year",17.53,"MAB","C"
2024-11-14,"YearLTA",14.55,"MAB","C"
2024-11-14,"minLTA",4.42,"MAB","C"
2024-11-14,"maxLTA",18.67,"MAB","C"
2024-11-15,"Year",17.63,"MAB","C"
2024-11-15,"YearLTA",14.66,"MAB","C"
2024-11-15,"minLTA",4.26,"MAB","C"
2024-11-15,"maxLTA",18.88,"MAB","C"
2024-11-16,"Year",17.6,"MAB","C"
2024-11-16,"YearLTA",14.65,"MAB","C"
2024-11-16,"minLTA",4.03,"MAB","C"
2024-11-16,"maxLTA",18.7,"MAB","C"
2024-11-17,"Year",17.39,"MAB","C"
2024-11-17,"YearLTA",14.25,"MAB","C"
2024-11-17,"minLTA",3.8,"MAB","C"
2024-11-17,"maxLTA",18.41,"MAB","C"
2024-11-18,"Year",17.22,"MAB","C"
2024-11-18,"YearLTA",14.75,"MAB","C"
2024-11-18,"minLTA",3.87,"MAB","C"
2024-11-18,"maxLTA",18.34,"MAB","C"
2024-11-19,"Year",17.47,"MAB","C"
2024-11-19,"YearLTA",14.3,"MAB","C"
2024-11-19,"minLTA",3.69,"MAB","C"
2024-11-19,"maxLTA",18.27,"MAB","C"
2024-11-20,"Year",17.15,"MAB","C"
2024-11-20,"YearLTA",14.81,"MAB","C"
2024-11-20,"minLTA",3.79,"MAB","C"
2024-11-20,"maxLTA",18.56,"MAB","C"
2024-11-21,"Year",17.4,"MAB","C"
2024-11-21,"YearLTA",14.95,"MAB","C"
2024-11-21,"minLTA",4.32,"MAB","C"
2024-11-21,"maxLTA",18.43,"MAB","C"
2024-11-22,"Year",17.73,"MAB","C"
2024-11-22,"YearLTA",14.75,"MAB","C"
2024-11-22,"minLTA",4.44,"MAB","C"
2024-11-22,"maxLTA",18.41,"MAB","C"
2024-11-23,"Year",17.38,"MAB","C"
2024-11-23,"YearLTA",14.93,"MAB","C"
2024-11-23,"minLTA",4.6,"MAB","C"
2024-11-23,"maxLTA",18.36,"MAB","C"
2024-11-24,"Year",17.57,"MAB","C"
2024-11-24,"YearLTA",14.9,"MAB","C"
2024-11-24,"minLTA",4.76,"MAB","C"
2024-11-24,"maxLTA",18.54,"MAB","C"
2024-11-25,"Year",17.33,"MAB","C"
2024-11-25,"YearLTA",14.88,"MAB","C"
2024-11-25,"minLTA",4.85,"MAB","C"
2024-11-25,"maxLTA",18.45,"MAB","C"
2024-11-26,"Year",NA,"MAB","C"
2024-11-26,"YearLTA",14.81,"MAB","C"
2024-11-26,"minLTA",4.83,"MAB","C"
2024-11-26,"maxLTA",18.64,"MAB","C"
2024-11-27,"Year",NA,"MAB","C"
2024-11-27,"YearLTA",14.09,"MAB","C"
2024-11-27,"minLTA",4.85,"MAB","C"
2024-11-27,"maxLTA",18.62,"MAB","C"
2024-11-28,"Year",NA,"MAB","C"
2024-11-28,"YearLTA",14.04,"MAB","C"
2024-11-28,"minLTA",4.79,"MAB","C"
2024-11-28,"maxLTA",18.58,"MAB","C"
2024-11-29,"Year",NA,"MAB","C"
2024-11-29,"YearLTA",14.34,"MAB","C"
2024-11-29,"minLTA",5.03,"MAB","C"
2024-11-29,"maxLTA",18.8,"MAB","C"
2024-11-30,"Year",NA,"MAB","C"
2024-11-30,"YearLTA",14.43,"MAB","C"
2024-11-30,"minLTA",5.4,"MAB","C"
2024-11-30,"maxLTA",18.8,"MAB","C"
2024-12-01,"Year",NA,"MAB","C"
2024-12-01,"YearLTA",14.62,"MAB","C"
2024-12-01,"minLTA",7.11,"MAB","C"
2024-12-01,"maxLTA",18.43,"MAB","C"
2024-12-02,"Year",NA,"MAB","C"
2024-12-02,"YearLTA",14.16,"MAB","C"
2024-12-02,"minLTA",7.06,"MAB","C"
2024-12-02,"maxLTA",18.55,"MAB","C"
2024-12-03,"Year",NA,"MAB","C"
2024-12-03,"YearLTA",14.65,"MAB","C"
2024-12-03,"minLTA",6.27,"MAB","C"
2024-12-03,"maxLTA",18.78,"MAB","C"
2024-12-04,"Year",NA,"MAB","C"
2024-12-04,"YearLTA",14.81,"MAB","C"
2024-12-04,"minLTA",6.38,"MAB","C"
2024-12-04,"maxLTA",18.57,"MAB","C"
2024-12-05,"Year",NA,"MAB","C"
2024-12-05,"YearLTA",14.74,"MAB","C"
2024-12-05,"minLTA",5.35,"MAB","C"
2024-12-05,"maxLTA",18.65,"MAB","C"
2024-12-06,"Year",NA,"MAB","C"
2024-12-06,"YearLTA",14.63,"MAB","C"
2024-12-06,"minLTA",5.41,"MAB","C"
2024-12-06,"maxLTA",18.72,"MAB","C"
2024-12-07,"Year",NA,"MAB","C"
2024-12-07,"YearLTA",14.47,"MAB","C"
2024-12-07,"minLTA",5.39,"MAB","C"
2024-12-07,"maxLTA",18.82,"MAB","C"
2024-12-08,"Year",NA,"MAB","C"
2024-12-08,"YearLTA",14.63,"MAB","C"
2024-12-08,"minLTA",6.74,"MAB","C"
2024-12-08,"maxLTA",19.15,"MAB","C"
2024-12-09,"Year",NA,"MAB","C"
2024-12-09,"YearLTA",14.42,"MAB","C"
2024-12-09,"minLTA",6.44,"MAB","C"
2024-12-09,"maxLTA",19.12,"MAB","C"
2024-12-10,"Year",NA,"MAB","C"
2024-12-10,"YearLTA",14.25,"MAB","C"
2024-12-10,"minLTA",6.07,"MAB","C"
2024-12-10,"maxLTA",18.83,"MAB","C"
2024-12-11,"Year",NA,"MAB","C"
2024-12-11,"YearLTA",14.13,"MAB","C"
2024-12-11,"minLTA",6.32,"MAB","C"
2024-12-11,"maxLTA",18.73,"MAB","C"
2024-12-12,"Year",NA,"MAB","C"
2024-12-12,"YearLTA",14.24,"MAB","C"
2024-12-12,"minLTA",5.79,"MAB","C"
2024-12-12,"maxLTA",19.3,"MAB","C"
2024-12-13,"Year",NA,"MAB","C"
2024-12-13,"YearLTA",14.05,"MAB","C"
2024-12-13,"minLTA",5.81,"MAB","C"
2024-12-13,"maxLTA",19.58,"MAB","C"
2024-12-14,"Year",NA,"MAB","C"
2024-12-14,"YearLTA",13.87,"MAB","C"
2024-12-14,"minLTA",6.03,"MAB","C"
2024-12-14,"maxLTA",16.79,"MAB","C"
2024-12-15,"Year",NA,"MAB","C"
2024-12-15,"YearLTA",13.82,"MAB","C"
2024-12-15,"minLTA",5.6,"MAB","C"
2024-12-15,"maxLTA",17.86,"MAB","C"
2024-12-16,"Year",NA,"MAB","C"
2024-12-16,"YearLTA",13.73,"MAB","C"
2024-12-16,"minLTA",5.6,"MAB","C"
2024-12-16,"maxLTA",16.91,"MAB","C"
2024-12-17,"Year",NA,"MAB","C"
2024-12-17,"YearLTA",13.79,"MAB","C"
2024-12-17,"minLTA",6.04,"MAB","C"
2024-12-17,"maxLTA",16.91,"MAB","C"
2024-12-18,"Year",NA,"MAB","C"
2024-12-18,"YearLTA",14.08,"MAB","C"
2024-12-18,"minLTA",6.69,"MAB","C"
2024-12-18,"maxLTA",18.52,"MAB","C"
2024-12-19,"Year",NA,"MAB","C"
2024-12-19,"YearLTA",13.82,"MAB","C"
2024-12-19,"minLTA",6.48,"MAB","C"
2024-12-19,"maxLTA",16.91,"MAB","C"
2024-12-20,"Year",NA,"MAB","C"
2024-12-20,"YearLTA",13.73,"MAB","C"
2024-12-20,"minLTA",6.62,"MAB","C"
2024-12-20,"maxLTA",16.79,"MAB","C"
2024-12-21,"Year",NA,"MAB","C"
2024-12-21,"YearLTA",13.47,"MAB","C"
2024-12-21,"minLTA",6.77,"MAB","C"
2024-12-21,"maxLTA",18.07,"MAB","C"
2024-12-22,"Year",NA,"MAB","C"
2024-12-22,"YearLTA",13.28,"MAB","C"
2024-12-22,"minLTA",6.58,"MAB","C"
2024-12-22,"maxLTA",16.81,"MAB","C"
2024-12-23,"Year",NA,"MAB","C"
2024-12-23,"YearLTA",13.26,"MAB","C"
2024-12-23,"minLTA",6.65,"MAB","C"
2024-12-23,"maxLTA",16.97,"MAB","C"
2024-12-24,"Year",NA,"MAB","C"
2024-12-24,"YearLTA",13.16,"MAB","C"
2024-12-24,"minLTA",7.04,"MAB","C"
2024-12-24,"maxLTA",17.14,"MAB","C"
2024-12-25,"Year",NA,"MAB","C"
2024-12-25,"YearLTA",13.04,"MAB","C"
2024-12-25,"minLTA",7.18,"MAB","C"
2024-12-25,"maxLTA",16.88,"MAB","C"
2024-12-26,"Year",NA,"MAB","C"
2024-12-26,"YearLTA",13.03,"MAB","C"
2024-12-26,"minLTA",7.15,"MAB","C"
2024-12-26,"maxLTA",16.85,"MAB","C"
2024-12-27,"Year",NA,"MAB","C"
2024-12-27,"YearLTA",13.01,"MAB","C"
2024-12-27,"minLTA",7.24,"MAB","C"
2024-12-27,"maxLTA",16.8,"MAB","C"
2024-12-28,"Year",NA,"MAB","C"
2024-12-28,"YearLTA",12.57,"MAB","C"
2024-12-28,"minLTA",7.43,"MAB","C"
2024-12-28,"maxLTA",17.22,"MAB","C"
2024-12-29,"Year",NA,"MAB","C"
2024-12-29,"YearLTA",12.29,"MAB","C"
2024-12-29,"minLTA",7.04,"MAB","C"
2024-12-29,"maxLTA",17.25,"MAB","C"
2024-12-30,"Year",NA,"MAB","C"
2024-12-30,"YearLTA",12.66,"MAB","C"
2024-12-30,"minLTA",7.36,"MAB","C"
2024-12-30,"maxLTA",16.9,"MAB","C"
2024-12-31,"Year",NA,"MAB","C"
2024-12-31,"YearLTA",12.52,"MAB","C"
2024-12-31,"minLTA",7.51,"MAB","C"
2024-12-31,"maxLTA",17.14,"MAB","C"
